flight_number,airline,origin_airport,destination_airport,scheduled_departure,scheduled_arrival,aircraft_type,status,gate,extraction_date
DL4051,DL,LXR,ZAL,2025-07-13T17:15:00,2025-07-13T19:00:00,A320,Cancelled,D50,2025-07-13
ZX7097,ZX,SSH,OTP,2025-07-14T00:00:00,2025-07-14T04:30:00,B777,Scheduled,A8,2025-07-13
MP351,MP,PMC,PHX,2025-07-13T23:30:00,2025-07-14T04:45:00,B787,Cancelled,D25,2025-07-13
VN7115,VN,MUH,NBE,2025-07-13T23:15:00,2025-07-14T06:00:00,B777,Cancelled,D49,2025-07-13
CI5664,CI,ETM,EUN,2025-07-13T06:00:00,2025-07-13T08:00:00,B777,Delayed,B20,2025-07-13
TT601,TT,DWC,OUD,2025-07-13T08:30:00,2025-07-13T13:00:00,A320,On Time,B43,2025-07-13
YM1999,YM,DJE,CZM,2025-07-13T08:00:00,2025-07-13T10:45:00,B787,On Time,B13,2025-07-13
IR7928,IR,YQB,MTY,2025-07-13T21:15:00,2025-07-13T22:30:00,A320,Cancelled,C37,2025-07-13
LH9284,LH,ASW,SSH,2025-07-13T07:00:00,2025-07-13T09:15:00,B777,Cancelled,A21,2025-07-13
FR3375,FR,SSH,JFK,2025-07-13T21:30:00,2025-07-13T23:15:00,A320,On Time,B11,2025-07-13
KQ5508,KQ,ABV,RMQ,2025-07-14T00:15:00,2025-07-14T01:45:00,B777,On Time,B39,2025-07-13
LP2001,LP,TTT,SFS,2025-07-13T17:30:00,2025-07-13T18:45:00,B777,Scheduled,A24,2025-07-13
UK8819,UK,CJC,MAA,2025-07-13T09:45:00,2025-07-13T14:45:00,A320,Cancelled,C23,2025-07-13
CM1324,CM,ILR,BEV,2025-07-13T19:00:00,2025-07-14T01:15:00,B777,Cancelled,B16,2025-07-13
RJ9560,RJ,IBA,PHL,2025-07-13T18:15:00,2025-07-13T20:15:00,B787,Delayed,D40,2025-07-13
G42720,G4,AQP,LHR,2025-07-13T08:45:00,2025-07-13T12:30:00,B737,Delayed,C43,2025-07-13
QF6072,QF,SJD,EMY,2025-07-13T20:45:00,2025-07-14T02:30:00,B787,Scheduled,A24,2025-07-13
UA1444,UA,IAD,LED,2025-07-13T15:00:00,2025-07-13T16:30:00,A320,Scheduled,D16,2025-07-13
LH5249,LH,IGR,ROV,2025-07-13T11:00:00,2025-07-13T14:00:00,B777,Cancelled,A18,2025-07-13
FR8564,FR,EIL,TUU,2025-07-13T10:15:00,2025-07-13T14:45:00,B737,Delayed,B1,2025-07-13
WJ2975,WJ,NGO,TPE,2025-07-13T08:15:00,2025-07-13T11:15:00,B787,Delayed,D23,2025-07-13
IC5264,IC,IQT,NQN,2025-07-13T07:45:00,2025-07-13T10:45:00,A320,Delayed,C23,2025-07-13
JJ2419,JJ,KIM,RMF,2025-07-13T17:15:00,2025-07-13T23:30:00,B787,Cancelled,D47,2025-07-13
PK2926,PK,XNH,ZAL,2025-07-13T22:00:00,2025-07-14T03:15:00,A320,On Time,C17,2025-07-13
IX8728,IX,CJC,TLV,2025-07-13T17:00:00,2025-07-13T18:45:00,B737,On Time,D10,2025-07-13
SW9484,SW,TCQ,HTY,2025-07-13T07:45:00,2025-07-13T09:30:00,B737,Scheduled,C8,2025-07-13
SW9079,SW,MIA,YYZ,2025-07-13T09:45:00,2025-07-13T13:00:00,A320,On Time,B32,2025-07-13
BL6321,BL,ATL,COK,2025-07-13T12:30:00,2025-07-13T14:30:00,B777,On Time,B28,2025-07-13
QZ8483,QZ,TZX,BJR,2025-07-13T07:15:00,2025-07-13T13:15:00,A320,Scheduled,C42,2025-07-13
TT6517,TT,FCO,BJV,2025-07-13T11:30:00,2025-07-13T15:45:00,B787,On Time,D22,2025-07-13
F98521,F9,CAN,HRG,2025-07-13T14:15:00,2025-07-13T17:30:00,B787,Scheduled,C45,2025-07-13
TK7048,TK,SVO,SJD,2025-07-13T06:45:00,2025-07-13T13:15:00,A320,Cancelled,D11,2025-07-13
BT8837,BT,FEZ,PYO,2025-07-13T06:00:00,2025-07-13T09:45:00,A320,Cancelled,C31,2025-07-13
P54992,P5,FCO,RAK,2025-07-13T08:00:00,2025-07-13T11:45:00,B737,Cancelled,C16,2025-07-13
NK2140,NK,SLL,HFA,2025-07-13T09:30:00,2025-07-13T15:45:00,B787,Scheduled,B34,2025-07-13
VA3106,VA,MQP,KMG,2025-07-13T08:00:00,2025-07-13T10:15:00,B777,Scheduled,A47,2025-07-13
AR6990,AR,MLX,EUN,2025-07-13T06:00:00,2025-07-13T11:15:00,B777,Cancelled,D8,2025-07-13
6E7598,6E,PMC,YEG,2025-07-14T00:00:00,2025-07-14T03:30:00,B777,Delayed,D23,2025-07-13
UU3492,UU,SHC,CWB,2025-07-13T12:00:00,2025-07-13T13:45:00,B737,Delayed,C45,2025-07-13
LA1473,LA,SVO,BJR,2025-07-13T11:30:00,2025-07-13T14:45:00,B777,Cancelled,C21,2025-07-13
MS1884,MS,TZX,DPS,2025-07-13T20:30:00,2025-07-14T01:15:00,B787,On Time,D31,2025-07-13
LX3528,LX,XMS,ILO,2025-07-13T07:15:00,2025-07-13T12:00:00,B787,On Time,B3,2025-07-13
B68738,B6,CAI,KUL,2025-07-13T13:00:00,2025-07-13T18:45:00,A320,Scheduled,B50,2025-07-13
AA3707,AA,NKG,HBA,2025-07-13T16:00:00,2025-07-13T20:15:00,B777,Cancelled,D40,2025-07-13
JJ6643,JJ,ADL,UFA,2025-07-13T09:15:00,2025-07-13T10:15:00,B787,Scheduled,A18,2025-07-13
BA6487,BA,JED,GAE,2025-07-13T06:45:00,2025-07-13T10:00:00,B777,Delayed,C43,2025-07-13
AR3657,AR,CLT,GZT,2025-07-13T11:30:00,2025-07-13T18:00:00,B737,Scheduled,C21,2025-07-13
OK5517,OK,CPH,DME,2025-07-13T13:00:00,2025-07-13T15:45:00,B737,On Time,D20,2025-07-13
WG7902,WG,BLR,ZCO,2025-07-13T11:00:00,2025-07-13T12:15:00,A320,Cancelled,B48,2025-07-13
FJ6487,FJ,MNL,MDZ,2025-07-13T06:00:00,2025-07-13T07:45:00,B737,Cancelled,D17,2025-07-13
VN7211,VN,SSA,EZE,2025-07-14T00:45:00,2025-07-14T06:45:00,B737,Delayed,B35,2025-07-13
BA5748,BA,OSM,VIE,2025-07-13T12:00:00,2025-07-13T17:00:00,B787,Scheduled,D23,2025-07-13
GA2632,GA,EIL,NGO,2025-07-13T18:15:00,2025-07-13T23:30:00,A350,Cancelled,B40,2025-07-13
AR1566,AR,ELS,HND,2025-07-13T20:45:00,2025-07-13T23:15:00,B737,On Time,A25,2025-07-13
RO4621,RO,ANF,BRC,2025-07-13T19:45:00,2025-07-13T23:45:00,B737,On Time,C33,2025-07-13
AF4031,AF,DEL,GRJ,2025-07-13T16:00:00,2025-07-13T20:00:00,B787,Scheduled,D10,2025-07-13
HC1541,HC,DFW,KWJ,2025-07-13T14:15:00,2025-07-13T16:00:00,B737,Scheduled,D2,2025-07-13
W65871,W6,HUN,YVR,2025-07-13T22:30:00,2025-07-14T01:15:00,B787,Scheduled,A29,2025-07-13
NZ1077,NZ,MUC,CTU,2025-07-14T00:00:00,2025-07-14T03:00:00,A320,On Time,D29,2025-07-13
AY1690,AY,WAW,CAN,2025-07-13T16:45:00,2025-07-13T23:15:00,B777,Delayed,A29,2025-07-13
AA3815,AA,NQN,NDR,2025-07-13T18:30:00,2025-07-13T21:45:00,A350,Delayed,C1,2025-07-13
WF4215,WF,SYD,PLZ,2025-07-13T16:00:00,2025-07-13T22:45:00,B787,Scheduled,D2,2025-07-13
JJ8493,JJ,HYD,DRW,2025-07-13T12:45:00,2025-07-13T17:30:00,A320,Delayed,D10,2025-07-13
SN9896,SN,KWJ,PRG,2025-07-13T06:30:00,2025-07-13T09:30:00,A350,Delayed,A16,2025-07-13
MS5573,MS,CJU,VOG,2025-07-13T14:45:00,2025-07-13T20:45:00,A350,On Time,C26,2025-07-13
AZ1031,AZ,AWA,RUH,2025-07-13T16:30:00,2025-07-13T19:45:00,B737,Delayed,B31,2025-07-13
WN8067,WN,TTU,BRC,2025-07-13T08:30:00,2025-07-13T12:45:00,A350,Scheduled,A30,2025-07-13
FD5382,FD,TZX,TCP,2025-07-14T00:00:00,2025-07-14T06:45:00,B737,Delayed,C34,2025-07-13
LA3049,LA,CMN,CNS,2025-07-13T22:45:00,2025-07-14T04:45:00,B777,Cancelled,A13,2025-07-13
JU9930,JU,KRR,XMS,2025-07-13T17:45:00,2025-07-13T21:00:00,B777,Scheduled,B12,2025-07-13
HV6063,HV,BRU,DMM,2025-07-13T12:15:00,2025-07-13T16:45:00,B787,On Time,C22,2025-07-13
SV788,SV,WCA,YWG,2025-07-13T22:15:00,2025-07-14T04:15:00,B787,On Time,D17,2025-07-13
JQ195,JQ,BUD,ETM,2025-07-13T23:45:00,2025-07-14T05:15:00,B787,On Time,C35,2025-07-13
SK9772,SK,ASW,LGA,2025-07-13T12:00:00,2025-07-13T16:00:00,A320,Scheduled,A39,2025-07-13
BL7192,BL,TCQ,OOL,2025-07-13T19:15:00,2025-07-13T21:30:00,A350,Delayed,B11,2025-07-13
AF4223,AF,BLR,GRU,2025-07-13T13:00:00,2025-07-13T16:45:00,A320,Scheduled,B42,2025-07-13
TG1916,TG,CAN,AMM,2025-07-13T21:00:00,2025-07-14T02:00:00,A320,Delayed,A4,2025-07-13
P52578,P5,KWJ,XMS,2025-07-13T14:15:00,2025-07-13T19:30:00,B777,Cancelled,A3,2025-07-13
PD1344,PD,LIS,SSH,2025-07-13T07:30:00,2025-07-13T09:15:00,B787,On Time,A20,2025-07-13
AZ5570,AZ,LGA,YUL,2025-07-13T20:00:00,2025-07-14T00:15:00,B737,Scheduled,D36,2025-07-13
LO3636,LO,TCQ,BGA,2025-07-13T16:00:00,2025-07-13T22:15:00,A350,Delayed,C4,2025-07-13
KL9024,KL,CBQ,CHM,2025-07-13T13:15:00,2025-07-13T18:45:00,A350,Cancelled,C6,2025-07-13
EK8719,EK,SFO,KIM,2025-07-13T09:30:00,2025-07-13T11:00:00,B777,Cancelled,A14,2025-07-13
WN3526,WN,YHZ,OSM,2025-07-13T23:45:00,2025-07-14T05:45:00,B777,Cancelled,D4,2025-07-13
TD419,TD,ADL,HRG,2025-07-13T22:00:00,2025-07-14T00:15:00,A350,Delayed,A33,2025-07-13
TK2805,TK,CAN,FRA,2025-07-13T12:30:00,2025-07-13T18:15:00,B787,Cancelled,D32,2025-07-13
AT3203,AT,OGL,MNL,2025-07-13T14:30:00,2025-07-13T20:30:00,A320,Cancelled,B15,2025-07-13
W6889,W6,IVC,OOL,2025-07-13T15:15:00,2025-07-13T20:15:00,B787,Delayed,A32,2025-07-13
NH1096,NH,AEP,SSA,2025-07-13T11:00:00,2025-07-13T13:30:00,A320,Cancelled,D50,2025-07-13
G38659,G3,AUH,RSU,2025-07-13T09:00:00,2025-07-13T12:30:00,A350,Delayed,A12,2025-07-13
MS5426,MS,MCO,JNB,2025-07-13T11:00:00,2025-07-13T15:15:00,A320,Delayed,B40,2025-07-13
IB7558,IB,HIJ,ORD,2025-07-13T20:15:00,2025-07-13T22:00:00,B737,Scheduled,B20,2025-07-13
VY6933,VY,CUZ,TTU,2025-07-13T23:00:00,2025-07-14T01:00:00,B787,Scheduled,B46,2025-07-13
PK3384,PK,BGW,BJV,2025-07-13T07:30:00,2025-07-13T08:45:00,A320,Cancelled,C48,2025-07-13
F86680,F8,CJU,HND,2025-07-13T07:45:00,2025-07-13T14:30:00,A350,Delayed,B29,2025-07-13
SA5096,SA,EJA,WAW,2025-07-13T10:00:00,2025-07-13T16:30:00,B787,Cancelled,A26,2025-07-13
SJ3147,SJ,DMK,YEG,2025-07-13T17:15:00,2025-07-13T18:15:00,B737,Delayed,D23,2025-07-13
AI7864,AI,EMY,DMK,2025-07-13T13:00:00,2025-07-13T16:45:00,B737,Delayed,B19,2025-07-13
JQ9357,JQ,BAQ,JUJ,2025-07-13T14:15:00,2025-07-13T20:45:00,B737,Cancelled,B46,2025-07-13
KL7455,KL,ZQN,ADD,2025-07-13T09:15:00,2025-07-13T13:15:00,A320,Delayed,A32,2025-07-13
VJ2190,VJ,ETM,KRR,2025-07-13T14:45:00,2025-07-13T20:45:00,B787,Cancelled,D47,2025-07-13
YM298,YM,COK,YVR,2025-07-13T21:30:00,2025-07-14T00:00:00,B787,On Time,B22,2025-07-13
BA9444,BA,BNE,WLG,2025-07-13T18:15:00,2025-07-14T00:45:00,A320,On Time,A4,2025-07-13
U27580,U2,DLM,LHR,2025-07-13T07:30:00,2025-07-13T12:45:00,A320,Cancelled,D11,2025-07-13
WJ6385,WJ,TUN,TOE,2025-07-13T08:15:00,2025-07-13T12:45:00,B777,On Time,A9,2025-07-13
F96970,F9,DUR,CCU,2025-07-13T22:30:00,2025-07-14T04:45:00,B737,Scheduled,A15,2025-07-13
RJ1732,RJ,OTP,CAI,2025-07-13T22:45:00,2025-07-14T01:30:00,B787,Cancelled,A39,2025-07-13
ET4543,ET,MDZ,JUJ,2025-07-13T10:00:00,2025-07-13T12:45:00,B777,Scheduled,A23,2025-07-13
AI4381,AI,KZN,DWC,2025-07-13T21:30:00,2025-07-14T00:30:00,B737,On Time,D32,2025-07-13
W64527,W6,LAX,HKG,2025-07-13T11:15:00,2025-07-13T17:45:00,A320,Scheduled,A33,2025-07-13
LA2772,LA,NGO,SFO,2025-07-13T11:00:00,2025-07-13T15:30:00,B787,On Time,A19,2025-07-13
WJ6394,WJ,TOE,CNS,2025-07-13T06:00:00,2025-07-13T07:15:00,B777,On Time,C20,2025-07-13
QR5286,QR,HTY,DMK,2025-07-13T07:45:00,2025-07-13T14:15:00,B737,On Time,D45,2025-07-13
MS6988,MS,SZX,BOM,2025-07-13T06:15:00,2025-07-13T07:15:00,B737,Cancelled,A41,2025-07-13
HV1696,HV,ELS,PVG,2025-07-13T06:15:00,2025-07-13T12:30:00,B737,On Time,A42,2025-07-13
JJ1910,JJ,HRG,CGH,2025-07-13T12:30:00,2025-07-13T17:15:00,B777,On Time,D25,2025-07-13
UK2683,UK,BJR,YWG,2025-07-13T22:30:00,2025-07-14T01:30:00,B777,Delayed,D30,2025-07-13
KE9953,KE,DLM,MAD,2025-07-13T08:15:00,2025-07-13T12:00:00,A350,Cancelled,D40,2025-07-13
WJ7577,WJ,CGK,GDQ,2025-07-13T21:00:00,2025-07-13T22:30:00,B777,Cancelled,A28,2025-07-13
EY1679,EY,DEN,DVO,2025-07-13T21:45:00,2025-07-14T03:45:00,B737,Delayed,C22,2025-07-13
FZ9787,FZ,ASW,LAS,2025-07-13T07:30:00,2025-07-13T11:45:00,A350,Delayed,A14,2025-07-13
I52978,I5,BEV,EZE,2025-07-13T08:00:00,2025-07-13T09:45:00,B737,Cancelled,C44,2025-07-13
FR766,FR,ATH,ANF,2025-07-13T20:00:00,2025-07-14T02:00:00,A350,Delayed,C17,2025-07-13
OK9567,OK,CNX,SEA,2025-07-13T06:15:00,2025-07-13T08:15:00,B777,On Time,C25,2025-07-13
XG9904,XG,WLG,MFM,2025-07-13T07:30:00,2025-07-13T11:30:00,B787,Scheduled,B15,2025-07-13
SW6901,SW,PHL,CUZ,2025-07-13T20:15:00,2025-07-14T01:30:00,B737,Cancelled,A21,2025-07-13
UU1673,UU,DUD,JRS,2025-07-13T17:00:00,2025-07-13T23:15:00,A320,On Time,A34,2025-07-13
JQ6541,JQ,ELS,LIS,2025-07-13T23:30:00,2025-07-14T02:15:00,B777,Scheduled,A34,2025-07-13
CM1221,CM,BJV,WAW,2025-07-13T13:00:00,2025-07-13T15:15:00,A320,On Time,C10,2025-07-13
AR6255,AR,AMS,SAW,2025-07-14T00:15:00,2025-07-14T04:00:00,B777,Scheduled,B17,2025-07-13
KL7046,KL,MDZ,KIM,2025-07-13T19:15:00,2025-07-14T01:30:00,B777,Scheduled,C30,2025-07-13
BA5928,BA,TAG,JOS,2025-07-13T16:45:00,2025-07-13T19:45:00,B777,Scheduled,C1,2025-07-13
AY9005,AY,YNY,LAS,2025-07-13T08:15:00,2025-07-13T10:45:00,A350,Cancelled,A40,2025-07-13
FD2682,FD,CNS,MDE,2025-07-13T12:00:00,2025-07-13T15:30:00,A320,Delayed,A34,2025-07-13
UK1579,UK,EJA,LOS,2025-07-13T15:45:00,2025-07-13T17:30:00,B777,On Time,D41,2025-07-13
TT4017,TT,CGY,IPC,2025-07-13T14:00:00,2025-07-13T18:30:00,B777,Delayed,C33,2025-07-13
6E6781,6E,KMG,ATH,2025-07-13T13:30:00,2025-07-13T18:45:00,B737,On Time,B18,2025-07-13
NZ8013,NZ,YNY,FRA,2025-07-13T10:45:00,2025-07-13T13:30:00,B777,Cancelled,A44,2025-07-13
DT3716,DT,PNQ,TOE,2025-07-14T00:00:00,2025-07-14T05:30:00,A350,Scheduled,C35,2025-07-13
XG6346,XG,YNY,IBA,2025-07-13T13:30:00,2025-07-13T18:45:00,B737,Cancelled,A50,2025-07-13
TP503,TP,OSM,AGA,2025-07-13T20:15:00,2025-07-14T03:00:00,A320,On Time,B31,2025-07-13
JQ7458,JQ,ELG,CMN,2025-07-13T20:00:00,2025-07-14T00:30:00,A350,Delayed,B42,2025-07-13
ET4928,ET,DMK,CUZ,2025-07-13T08:45:00,2025-07-13T10:45:00,B787,Cancelled,D36,2025-07-13
IC8013,IC,YYC,BJV,2025-07-13T18:30:00,2025-07-13T22:30:00,A350,On Time,A2,2025-07-13
AD8233,AD,MDE,CAI,2025-07-13T16:30:00,2025-07-13T20:00:00,A350,Delayed,B43,2025-07-13
MS3564,MS,EMY,CDG,2025-07-13T19:00:00,2025-07-14T01:45:00,B737,Scheduled,A3,2025-07-13
WJ1851,WJ,CUE,OSL,2025-07-13T12:45:00,2025-07-13T15:30:00,B777,Cancelled,A50,2025-07-13
SA2477,SA,GMB,CRK,2025-07-13T10:00:00,2025-07-13T11:45:00,A350,Cancelled,C7,2025-07-13
UK7650,UK,XMN,SLA,2025-07-13T08:15:00,2025-07-13T14:15:00,A350,Cancelled,B34,2025-07-13
WS4342,WS,CUN,IGR,2025-07-13T14:45:00,2025-07-13T17:45:00,B777,Scheduled,C5,2025-07-13
FJ399,FJ,SFS,OGL,2025-07-13T20:45:00,2025-07-14T00:30:00,B737,Cancelled,D37,2025-07-13
RO6934,RO,ELG,YUL,2025-07-13T10:45:00,2025-07-13T12:00:00,B737,Cancelled,D31,2025-07-13
TG8253,TG,HYD,MIR,2025-07-13T11:30:00,2025-07-13T14:45:00,B737,Cancelled,D24,2025-07-13
AR8716,AR,DTW,ERH,2025-07-13T17:45:00,2025-07-13T20:00:00,A320,Scheduled,A1,2025-07-13
IX2740,IX,DLM,YYC,2025-07-13T14:15:00,2025-07-13T20:45:00,B737,Cancelled,D9,2025-07-13
SK2621,SK,MTZ,MUC,2025-07-13T16:30:00,2025-07-13T17:45:00,B737,On Time,A32,2025-07-13
KQ234,KQ,HIJ,OCC,2025-07-14T00:15:00,2025-07-14T05:00:00,B787,Cancelled,D49,2025-07-13
EK8590,EK,ILR,AMS,2025-07-13T11:45:00,2025-07-13T18:30:00,A350,Cancelled,A34,2025-07-13
EK9195,EK,KRR,MIR,2025-07-13T15:45:00,2025-07-13T20:45:00,B777,Delayed,D4,2025-07-13
EK7800,EK,ERH,SLA,2025-07-13T11:30:00,2025-07-13T13:15:00,B787,Delayed,B29,2025-07-13
DL6608,DL,CCU,CPH,2025-07-13T17:15:00,2025-07-13T21:15:00,B787,Delayed,C39,2025-07-13
FD167,FD,SEA,PHX,2025-07-13T20:45:00,2025-07-14T03:00:00,A320,Cancelled,B45,2025-07-13
AC6979,AC,MUH,BKK,2025-07-13T08:30:00,2025-07-13T14:45:00,B737,Delayed,D44,2025-07-13
SW1536,SW,CJU,BCD,2025-07-13T11:30:00,2025-07-13T13:30:00,A320,Cancelled,D33,2025-07-13
CI3567,CI,DOH,MSP,2025-07-13T10:45:00,2025-07-13T13:15:00,A350,Cancelled,A29,2025-07-13
SN8144,SN,CJU,ILR,2025-07-13T06:45:00,2025-07-13T11:45:00,B787,On Time,B37,2025-07-13
W61256,W6,AKR,TAK,2025-07-13T13:00:00,2025-07-13T17:15:00,B777,Delayed,B36,2025-07-13
TT9888,TT,SSH,XNH,2025-07-13T12:00:00,2025-07-13T14:00:00,A320,Scheduled,C43,2025-07-13
BA9905,BA,ASW,CWB,2025-07-13T09:30:00,2025-07-13T14:30:00,A320,Scheduled,D34,2025-07-13
GF7033,GF,CRK,KMG,2025-07-13T15:00:00,2025-07-13T21:15:00,B777,Delayed,A14,2025-07-13
SN9287,SN,CUE,PNQ,2025-07-13T10:00:00,2025-07-13T12:30:00,A350,Delayed,A25,2025-07-13
ET253,ET,OKA,ADL,2025-07-13T20:30:00,2025-07-14T00:30:00,A350,On Time,D26,2025-07-13
NK4342,NK,LHR,GMB,2025-07-14T00:45:00,2025-07-14T04:15:00,B737,On Time,A29,2025-07-13
AZ2885,AZ,ERH,LOS,2025-07-13T06:00:00,2025-07-13T12:00:00,A320,Scheduled,D36,2025-07-13
AD4294,AD,CGH,WCA,2025-07-13T12:30:00,2025-07-13T17:30:00,A350,Scheduled,C16,2025-07-13
GA3360,GA,SEA,BOS,2025-07-13T19:15:00,2025-07-14T00:15:00,B777,Cancelled,B9,2025-07-13
PX7958,PX,WCA,ZCO,2025-07-13T16:00:00,2025-07-13T22:15:00,B777,On Time,A10,2025-07-13
IR3201,IR,TSN,KUL,2025-07-13T06:15:00,2025-07-13T08:00:00,A320,Cancelled,B34,2025-07-13
AY6261,AY,CHM,VOG,2025-07-13T20:30:00,2025-07-14T01:45:00,A350,Scheduled,A20,2025-07-13
JJ1332,JJ,LGA,GDL,2025-07-13T06:30:00,2025-07-13T10:45:00,A350,Scheduled,B9,2025-07-13
OK6241,OK,RMF,HEL,2025-07-13T11:45:00,2025-07-13T17:30:00,B737,Scheduled,D2,2025-07-13
F88658,F8,HEL,ENU,2025-07-13T19:30:00,2025-07-13T20:45:00,A320,Delayed,B27,2025-07-13
DJ4611,DJ,CJC,GYE,2025-07-13T10:45:00,2025-07-13T15:15:00,B787,Delayed,B29,2025-07-13
EK2559,EK,PER,SDU,2025-07-13T23:45:00,2025-07-14T02:45:00,B737,Scheduled,C29,2025-07-13
AZ369,AZ,BSR,ADB,2025-07-13T15:45:00,2025-07-13T21:15:00,B787,Scheduled,A42,2025-07-13
BL1612,BL,BFN,LAS,2025-07-13T19:30:00,2025-07-13T21:45:00,B737,Delayed,D8,2025-07-13
G31634,G3,TLV,COR,2025-07-13T07:00:00,2025-07-13T11:15:00,A350,Cancelled,D3,2025-07-13
AT5946,AT,HRG,PYO,2025-07-14T00:15:00,2025-07-14T01:30:00,B787,Cancelled,B31,2025-07-13
HC8863,HC,BGA,OTP,2025-07-13T16:45:00,2025-07-13T18:15:00,B777,Cancelled,D38,2025-07-13
CM4069,CM,BOG,GAE,2025-07-13T16:15:00,2025-07-13T23:00:00,B787,Delayed,C1,2025-07-13
F96878,F9,BGW,MLX,2025-07-13T06:15:00,2025-07-13T12:15:00,A320,Cancelled,A20,2025-07-13
IX7039,IX,CBQ,MQX,2025-07-13T21:00:00,2025-07-13T23:45:00,A350,Delayed,B29,2025-07-13
NZ8170,NZ,USN,RUH,2025-07-13T12:45:00,2025-07-13T17:15:00,B737,Scheduled,D7,2025-07-13
NZ6733,NZ,CNF,BKK,2025-07-13T06:00:00,2025-07-13T10:30:00,B737,On Time,D7,2025-07-13
F98572,F9,NBE,HKG,2025-07-13T16:00:00,2025-07-13T22:00:00,B787,Delayed,B32,2025-07-13
PK1012,PK,OUD,KAN,2025-07-14T00:45:00,2025-07-14T06:45:00,B787,Cancelled,C26,2025-07-13
QF1258,QF,VDA,CNF,2025-07-14T00:30:00,2025-07-14T02:15:00,B777,Delayed,B17,2025-07-13
G38974,G3,PVR,DIR,2025-07-13T08:30:00,2025-07-13T12:15:00,A320,On Time,C34,2025-07-13
BR7965,BR,NGO,HDS,2025-07-13T14:15:00,2025-07-13T18:15:00,B777,Cancelled,D27,2025-07-13
JL3393,JL,TAK,LOS,2025-07-13T11:45:00,2025-07-13T18:30:00,A350,On Time,B31,2025-07-13
UU5636,UU,IBA,HTY,2025-07-13T22:30:00,2025-07-14T04:30:00,B787,Scheduled,D32,2025-07-13
SJ5909,SJ,MED,VIE,2025-07-13T19:45:00,2025-07-13T22:45:00,B787,Scheduled,B1,2025-07-13
FD5337,FD,CTS,DEN,2025-07-13T12:30:00,2025-07-13T14:00:00,A320,Delayed,A7,2025-07-13
BR1104,BR,HKG,AGA,2025-07-13T12:00:00,2025-07-13T17:30:00,B787,Delayed,A7,2025-07-13
NH2513,NH,GRJ,MUH,2025-07-13T18:30:00,2025-07-13T22:15:00,A350,Scheduled,A35,2025-07-13
W67158,W6,ANF,AMM,2025-07-13T18:00:00,2025-07-13T19:30:00,A350,On Time,C37,2025-07-13
JU2644,JU,CDG,DXB,2025-07-13T13:15:00,2025-07-13T15:30:00,B787,Scheduled,A43,2025-07-13
LH8700,LH,ILO,CAN,2025-07-13T07:30:00,2025-07-13T11:00:00,B737,Delayed,C25,2025-07-13
FZ2739,FZ,LXR,EZE,2025-07-13T20:30:00,2025-07-13T22:15:00,B737,Cancelled,C46,2025-07-13
LX5884,LX,GDL,KIX,2025-07-13T18:15:00,2025-07-13T19:30:00,B777,Scheduled,A19,2025-07-13
BR1011,BR,CNF,PEK,2025-07-13T09:15:00,2025-07-13T12:15:00,B777,Delayed,C35,2025-07-13
QF2872,QF,SCL,GOI,2025-07-13T18:30:00,2025-07-13T21:45:00,B777,Cancelled,A18,2025-07-13
EY1236,EY,XMN,GMP,2025-07-13T12:45:00,2025-07-13T14:15:00,B787,Delayed,D16,2025-07-13
TS1831,TS,CNS,LED,2025-07-13T10:45:00,2025-07-13T12:45:00,A320,On Time,D3,2025-07-13
PD447,PD,IQT,KMI,2025-07-13T21:30:00,2025-07-14T01:45:00,B737,Delayed,C8,2025-07-13
VJ7737,VJ,GNI,FCO,2025-07-13T14:45:00,2025-07-13T20:15:00,B777,Cancelled,D8,2025-07-13
OS996,OS,MFK,XMN,2025-07-13T17:45:00,2025-07-13T22:15:00,B737,Cancelled,A36,2025-07-13
BR8165,BR,BUD,PUS,2025-07-13T08:30:00,2025-07-13T13:00:00,B777,Scheduled,D14,2025-07-13
AI8426,AI,FTE,ETM,2025-07-13T15:45:00,2025-07-13T18:45:00,A350,Scheduled,D11,2025-07-13
RJ1110,RJ,CCU,JED,2025-07-13T13:45:00,2025-07-13T20:30:00,A350,Delayed,B31,2025-07-13
DT7637,DT,XNH,RPN,2025-07-13T16:00:00,2025-07-13T17:45:00,B777,On Time,D37,2025-07-13
WJ109,WJ,HIJ,ADB,2025-07-13T06:15:00,2025-07-13T09:45:00,B777,Scheduled,B16,2025-07-13
TP922,TP,SSH,SEA,2025-07-13T07:45:00,2025-07-13T12:00:00,A350,Delayed,C23,2025-07-13
FJ1947,FJ,HFA,RSU,2025-07-13T11:15:00,2025-07-13T16:45:00,B777,Cancelled,D39,2025-07-13
ME6061,ME,DOH,HDS,2025-07-13T11:00:00,2025-07-13T12:45:00,B737,Scheduled,C9,2025-07-13
EY5253,EY,MZG,ZAL,2025-07-13T14:45:00,2025-07-13T17:00:00,B787,On Time,A8,2025-07-13
OS4019,OS,PNQ,YWG,2025-07-13T06:00:00,2025-07-13T09:45:00,B777,Delayed,B16,2025-07-13
SJ2476,SJ,SSH,AKL,2025-07-13T16:15:00,2025-07-13T23:00:00,A320,On Time,A8,2025-07-13
MS749,MS,SEA,DRW,2025-07-13T13:45:00,2025-07-13T14:45:00,B777,Delayed,A48,2025-07-13
CX4523,CX,MUC,YQB,2025-07-13T13:30:00,2025-07-13T15:45:00,B777,On Time,C41,2025-07-13
KQ8404,KQ,SAW,NDR,2025-07-13T19:15:00,2025-07-14T00:45:00,B737,On Time,D50,2025-07-13
AC5177,AC,JFK,DMK,2025-07-13T06:15:00,2025-07-13T10:15:00,A350,Scheduled,A34,2025-07-13
AT5506,AT,PMR,HRG,2025-07-13T10:45:00,2025-07-13T12:15:00,A320,Cancelled,B1,2025-07-13
JU6288,JU,IQT,OOL,2025-07-14T00:00:00,2025-07-14T02:00:00,B777,Scheduled,A38,2025-07-13
JQ4420,JQ,DPS,ROT,2025-07-13T20:00:00,2025-07-14T01:15:00,B787,Scheduled,A48,2025-07-13
TT1332,TT,CWB,LGA,2025-07-13T22:45:00,2025-07-14T02:45:00,B787,On Time,A2,2025-07-13
IB5555,IB,EMY,SFS,2025-07-13T14:30:00,2025-07-13T15:45:00,A350,Cancelled,D22,2025-07-13
YM461,YM,JRS,MUC,2025-07-13T07:00:00,2025-07-13T10:30:00,B737,Delayed,B47,2025-07-13
GA3515,GA,CBQ,FOR,2025-07-13T18:30:00,2025-07-13T22:30:00,B737,On Time,D6,2025-07-13
B68224,B6,TUU,DVO,2025-07-13T14:30:00,2025-07-13T16:45:00,B737,Delayed,D3,2025-07-13
IB2524,IB,NPL,TAE,2025-07-13T22:30:00,2025-07-14T02:15:00,B787,Cancelled,B40,2025-07-13
MP6273,MP,NPL,SLL,2025-07-13T17:00:00,2025-07-13T19:30:00,A320,Scheduled,B40,2025-07-13
TD3760,TD,YYZ,UIO,2025-07-13T22:45:00,2025-07-14T01:15:00,A350,Scheduled,A33,2025-07-13
BT8259,BT,DUR,BAQ,2025-07-13T11:15:00,2025-07-13T12:45:00,B777,On Time,A2,2025-07-13
NZ4814,NZ,VIE,KRR,2025-07-13T17:15:00,2025-07-13T21:30:00,B787,On Time,B42,2025-07-13
LP1986,LP,CAI,LXR,2025-07-13T22:30:00,2025-07-14T02:30:00,A350,Delayed,A31,2025-07-13
JJ8921,JJ,BOG,CZM,2025-07-13T08:30:00,2025-07-13T12:00:00,A320,On Time,A44,2025-07-13
PC1058,PC,BKK,SLL,2025-07-13T22:00:00,2025-07-14T03:30:00,B777,Delayed,B47,2025-07-13
WJ4386,WJ,BJV,TTU,2025-07-13T14:45:00,2025-07-13T20:30:00,B777,Delayed,C50,2025-07-13
TK4782,TK,SCY,ILO,2025-07-13T14:45:00,2025-07-13T17:00:00,B787,Cancelled,C2,2025-07-13
DL7839,DL,HRG,NJF,2025-07-13T09:00:00,2025-07-13T12:15:00,B737,On Time,B11,2025-07-13
FJ6942,FJ,COR,CUE,2025-07-13T12:30:00,2025-07-13T15:30:00,A350,Cancelled,D8,2025-07-13
BL8333,BL,DLM,BAQ,2025-07-13T08:30:00,2025-07-13T11:00:00,A320,Scheduled,D8,2025-07-13
NZ3293,NZ,KAN,MAD,2025-07-13T12:45:00,2025-07-13T16:15:00,B737,Delayed,B23,2025-07-13
QF5438,QF,PEK,WJU,2025-07-13T09:15:00,2025-07-13T10:30:00,B777,On Time,A39,2025-07-13
VA4937,VA,COR,BFN,2025-07-13T11:00:00,2025-07-13T14:15:00,B787,Cancelled,B38,2025-07-13
DL4783,DL,CUE,AUH,2025-07-13T06:30:00,2025-07-13T13:00:00,A350,Cancelled,D8,2025-07-13
AC5602,AC,YHM,SCY,2025-07-13T10:45:00,2025-07-13T14:45:00,A350,On Time,C7,2025-07-13
DJ378,DJ,EZE,ENU,2025-07-13T07:00:00,2025-07-13T08:00:00,A320,On Time,A43,2025-07-13
DT7312,DT,ADL,HMO,2025-07-13T14:45:00,2025-07-13T18:15:00,B787,Delayed,A20,2025-07-13
SW582,SW,ROV,TOE,2025-07-13T19:45:00,2025-07-13T21:00:00,A320,Delayed,D11,2025-07-13
UU9220,UU,AEP,LIM,2025-07-13T15:15:00,2025-07-13T21:15:00,A320,Scheduled,A41,2025-07-13
DT6790,DT,BUD,DRW,2025-07-13T09:00:00,2025-07-13T14:45:00,A350,Scheduled,B29,2025-07-13
AY3379,AY,LGA,SAW,2025-07-13T23:30:00,2025-07-14T05:15:00,B737,On Time,B12,2025-07-13
GF6597,GF,ARN,UFA,2025-07-13T14:45:00,2025-07-13T17:30:00,A320,Delayed,B12,2025-07-13
FR1295,FR,DPS,AGA,2025-07-13T20:30:00,2025-07-14T01:15:00,B777,Delayed,D49,2025-07-13
YM3424,YM,TLV,CLT,2025-07-13T22:15:00,2025-07-14T01:30:00,B737,Scheduled,A4,2025-07-13
BT1048,BT,CTG,SHC,2025-07-13T07:00:00,2025-07-13T11:30:00,B787,Scheduled,D38,2025-07-13
6E8520,6E,TNG,EBM,2025-07-13T14:00:00,2025-07-13T17:45:00,B777,Delayed,D32,2025-07-13
SB1514,SB,AUH,TNG,2025-07-13T10:45:00,2025-07-13T17:15:00,B737,On Time,C27,2025-07-13
SB1480,SB,VIE,KIX,2025-07-13T21:30:00,2025-07-14T00:00:00,B737,Cancelled,B20,2025-07-13
TT1508,TT,KAN,MTZ,2025-07-14T00:15:00,2025-07-14T03:30:00,B787,Scheduled,A14,2025-07-13
GA4543,GA,NBE,LTX,2025-07-13T23:30:00,2025-07-14T01:30:00,B787,Scheduled,C38,2025-07-13
GA7552,GA,VIE,AGA,2025-07-13T23:45:00,2025-07-14T02:00:00,B777,On Time,B25,2025-07-13
ZX5834,ZX,RMF,KHH,2025-07-13T12:15:00,2025-07-13T13:30:00,A320,Scheduled,C45,2025-07-13
FZ7289,FZ,KMG,TCQ,2025-07-13T17:30:00,2025-07-13T21:00:00,B737,Scheduled,C20,2025-07-13
NZ2573,NZ,AMM,FEZ,2025-07-13T12:45:00,2025-07-13T14:45:00,B737,Delayed,A1,2025-07-13
GF9510,GF,NDR,DWC,2025-07-13T12:00:00,2025-07-13T18:15:00,A350,Scheduled,D38,2025-07-13
UA902,UA,PHL,SFA,2025-07-13T18:45:00,2025-07-13T20:00:00,A350,Cancelled,A24,2025-07-13
W53209,W5,LXR,CNF,2025-07-13T22:00:00,2025-07-14T00:45:00,B777,Delayed,A21,2025-07-13
G42639,G4,MDE,IBA,2025-07-13T08:30:00,2025-07-13T13:45:00,B777,Scheduled,A9,2025-07-13
LP4243,LP,IGR,TPE,2025-07-13T10:30:00,2025-07-13T13:30:00,B777,Cancelled,C34,2025-07-13
G3818,G3,GRJ,SYD,2025-07-13T08:30:00,2025-07-13T14:30:00,A350,Delayed,B8,2025-07-13
U2722,U2,RSU,JNB,2025-07-13T20:30:00,2025-07-14T02:45:00,B737,Scheduled,C29,2025-07-13
ET3328,ET,LGA,DIR,2025-07-13T19:15:00,2025-07-13T22:45:00,A320,Scheduled,B46,2025-07-13
SY9193,SY,GMB,LED,2025-07-14T00:30:00,2025-07-14T07:00:00,A320,Cancelled,D20,2025-07-13
IB1097,IB,TSN,VDA,2025-07-13T23:00:00,2025-07-14T04:00:00,A320,Cancelled,A7,2025-07-13
WJ9315,WJ,WLG,ZUR,2025-07-13T08:15:00,2025-07-13T11:15:00,B777,Scheduled,D3,2025-07-13
BT2905,BT,TTT,EZE,2025-07-13T12:30:00,2025-07-13T19:00:00,B737,On Time,D44,2025-07-13
JL2655,JL,FTE,HRG,2025-07-13T22:00:00,2025-07-14T02:45:00,B787,Delayed,A18,2025-07-13
AT8866,AT,WCA,KIX,2025-07-13T16:15:00,2025-07-13T18:15:00,A350,Scheduled,A14,2025-07-13
ET8401,ET,EJA,AXM,2025-07-13T19:15:00,2025-07-13T22:45:00,A320,Scheduled,D36,2025-07-13
SN9463,SN,UIO,AXM,2025-07-13T15:30:00,2025-07-13T19:30:00,A320,Cancelled,A2,2025-07-13
AC6204,AC,KIM,BJX,2025-07-13T22:45:00,2025-07-14T00:30:00,A320,Delayed,C35,2025-07-13
FD134,FD,CZM,TLV,2025-07-13T13:15:00,2025-07-13T16:15:00,B737,Scheduled,D4,2025-07-13
FJ709,FJ,PMC,KMI,2025-07-13T19:00:00,2025-07-13T20:00:00,A320,Scheduled,A31,2025-07-13
P55328,P5,KWJ,PER,2025-07-13T20:30:00,2025-07-14T02:30:00,B737,Cancelled,B4,2025-07-13
RO1461,RO,JFK,AEP,2025-07-13T23:30:00,2025-07-14T01:00:00,A350,Scheduled,D3,2025-07-13
RO6344,RO,MIA,CTS,2025-07-13T15:00:00,2025-07-13T19:45:00,B787,Cancelled,B27,2025-07-13
ME3358,ME,SYD,CUZ,2025-07-14T00:30:00,2025-07-14T06:30:00,B737,Delayed,A48,2025-07-13
F86056,F8,GZT,ADD,2025-07-13T10:00:00,2025-07-13T13:45:00,B737,Cancelled,B35,2025-07-13
JQ3799,JQ,UIO,PHC,2025-07-13T22:15:00,2025-07-14T03:00:00,B737,On Time,C3,2025-07-13
BT989,BT,ADZ,PHC,2025-07-13T08:00:00,2025-07-13T10:00:00,A350,On Time,A4,2025-07-13
MS4565,MS,KUL,CNX,2025-07-13T18:45:00,2025-07-13T21:00:00,B737,On Time,D22,2025-07-13
PK7378,PK,OKA,KWJ,2025-07-13T16:00:00,2025-07-13T20:45:00,B737,On Time,B1,2025-07-13
AF6825,AF,PHL,CPH,2025-07-13T22:45:00,2025-07-14T03:00:00,A350,Delayed,D5,2025-07-13
W63810,W6,RMQ,ASW,2025-07-13T19:00:00,2025-07-13T21:00:00,B787,Delayed,B34,2025-07-13
AR4810,AR,HMO,PIU,2025-07-13T21:30:00,2025-07-13T23:15:00,A320,Cancelled,A25,2025-07-13
JL1357,JL,LGA,TUN,2025-07-13T14:00:00,2025-07-13T18:30:00,B787,On Time,B12,2025-07-13
UU644,UU,GIG,ADL,2025-07-13T06:30:00,2025-07-13T12:15:00,A320,Scheduled,A29,2025-07-13
TP1287,TP,MED,NPL,2025-07-13T21:30:00,2025-07-13T22:30:00,B787,On Time,D2,2025-07-13
CI4117,CI,ARN,ASW,2025-07-13T10:00:00,2025-07-13T14:30:00,A320,On Time,C45,2025-07-13
WF3278,WF,MAD,DRW,2025-07-13T16:45:00,2025-07-13T21:00:00,B777,Scheduled,D29,2025-07-13
U27410,U2,SDU,CLT,2025-07-13T18:15:00,2025-07-13T22:00:00,A320,Delayed,D33,2025-07-13
XG1237,XG,JFK,BLR,2025-07-13T08:00:00,2025-07-13T12:00:00,B737,Cancelled,A44,2025-07-13
AR3450,AR,DMK,GRJ,2025-07-13T23:15:00,2025-07-14T05:45:00,A350,Delayed,D30,2025-07-13
LA5847,LA,ATL,CGK,2025-07-13T13:45:00,2025-07-13T16:15:00,B737,Delayed,A27,2025-07-13
W64616,W6,OTP,MED,2025-07-13T15:15:00,2025-07-13T17:00:00,B777,Scheduled,A10,2025-07-13
AT2253,AT,DFW,DRW,2025-07-13T19:00:00,2025-07-13T21:30:00,B737,Delayed,C3,2025-07-13
LX4464,LX,IKT,SVO,2025-07-13T09:45:00,2025-07-13T12:30:00,A350,On Time,B30,2025-07-13
DJ1781,DJ,TUN,MZG,2025-07-13T17:45:00,2025-07-13T21:15:00,A320,Scheduled,C50,2025-07-13
ZX5550,ZX,CNS,AEP,2025-07-13T14:30:00,2025-07-13T20:30:00,A320,Cancelled,A45,2025-07-13
SJ1001,SJ,BGA,IPC,2025-07-13T20:15:00,2025-07-14T02:15:00,B737,On Time,A15,2025-07-13
JU2831,JU,PYO,PVG,2025-07-13T07:30:00,2025-07-13T11:45:00,B737,Cancelled,D44,2025-07-13
UK9110,UK,YHZ,JIJ,2025-07-13T14:00:00,2025-07-13T16:30:00,B737,Delayed,D11,2025-07-13
SQ3993,SQ,PHC,LTX,2025-07-13T20:45:00,2025-07-14T01:15:00,A350,Cancelled,C22,2025-07-13
IR2502,IR,LIM,SEA,2025-07-13T16:15:00,2025-07-13T18:00:00,A320,Delayed,B26,2025-07-13
LP1982,LP,LOS,WLG,2025-07-13T17:00:00,2025-07-13T21:00:00,A320,Cancelled,D43,2025-07-13
LA1357,LA,AGA,OSL,2025-07-13T10:15:00,2025-07-13T16:00:00,A350,Scheduled,C1,2025-07-13
LP1037,LP,OKA,CJC,2025-07-13T08:45:00,2025-07-13T15:30:00,A320,Delayed,B23,2025-07-13
D83605,D8,ATL,CPT,2025-07-13T20:15:00,2025-07-14T03:00:00,A320,Delayed,A46,2025-07-13
G3128,G3,TUN,EWR,2025-07-13T15:00:00,2025-07-13T19:15:00,B777,On Time,A17,2025-07-13
CI2424,CI,PEK,ERH,2025-07-13T13:00:00,2025-07-13T15:45:00,B777,On Time,A23,2025-07-13
F96198,F9,RMQ,FTE,2025-07-13T16:00:00,2025-07-13T18:45:00,B737,Scheduled,A35,2025-07-13
FJ4001,FJ,KMG,HTY,2025-07-13T19:30:00,2025-07-14T01:15:00,B787,Scheduled,B49,2025-07-13
WJ3947,WJ,LGA,EBM,2025-07-13T08:15:00,2025-07-13T12:00:00,A320,Scheduled,A33,2025-07-13
VY2589,VY,KZN,MCO,2025-07-13T11:45:00,2025-07-13T16:30:00,A320,Delayed,A12,2025-07-13
CM9485,CM,JUL,DPS,2025-07-14T00:15:00,2025-07-14T01:45:00,A350,Delayed,B16,2025-07-13
F87250,F8,TUN,IAD,2025-07-13T07:15:00,2025-07-13T08:30:00,B777,Cancelled,A34,2025-07-13
6E1867,6E,CAN,TOE,2025-07-13T22:00:00,2025-07-14T03:15:00,A320,Delayed,D28,2025-07-13
LO9103,LO,TAK,TUN,2025-07-13T12:15:00,2025-07-13T14:45:00,B777,Scheduled,C10,2025-07-13
RJ6647,RJ,TSN,MUC,2025-07-13T12:00:00,2025-07-13T16:15:00,B777,On Time,D43,2025-07-13
SQ9205,SQ,PRG,ATH,2025-07-13T06:30:00,2025-07-13T09:15:00,A350,Scheduled,C26,2025-07-13
AD9982,AD,PMC,CWB,2025-07-13T06:30:00,2025-07-13T11:00:00,A320,On Time,B18,2025-07-13
IR1824,IR,HFA,KHH,2025-07-13T20:00:00,2025-07-14T02:30:00,B777,Scheduled,B6,2025-07-13
LH7734,LH,LGA,HKT,2025-07-13T07:15:00,2025-07-13T13:30:00,B787,On Time,C24,2025-07-13
VY6778,VY,CGH,MED,2025-07-13T12:30:00,2025-07-13T16:15:00,B737,Delayed,D36,2025-07-13
TT1999,TT,PER,PRG,2025-07-13T10:30:00,2025-07-13T12:45:00,B777,Cancelled,C16,2025-07-13
AC3990,AC,DMK,WCA,2025-07-13T13:15:00,2025-07-13T14:45:00,A320,Delayed,D25,2025-07-13
JU1688,JU,ATL,DJE,2025-07-13T15:30:00,2025-07-13T19:30:00,B737,Cancelled,B9,2025-07-13
SQ2436,SQ,TAG,YYC,2025-07-13T17:00:00,2025-07-13T22:15:00,B737,Scheduled,D40,2025-07-13
JU9354,JU,KRR,BRC,2025-07-13T09:30:00,2025-07-13T11:00:00,A320,On Time,D4,2025-07-13
UA6686,UA,ZQN,VIE,2025-07-13T13:15:00,2025-07-13T17:15:00,B787,Cancelled,C10,2025-07-13
SQ7348,SQ,ILO,ZQN,2025-07-13T13:30:00,2025-07-13T15:00:00,B777,Delayed,D32,2025-07-13
OK8126,OK,DMK,LAX,2025-07-13T13:30:00,2025-07-13T19:00:00,A320,Scheduled,A29,2025-07-13
F83120,F8,HIJ,SSH,2025-07-13T06:30:00,2025-07-13T12:30:00,A320,Scheduled,A46,2025-07-13
MP3559,MP,CZM,NBE,2025-07-13T20:15:00,2025-07-14T01:45:00,B787,Scheduled,A41,2025-07-13
JU7422,JU,IST,SFS,2025-07-13T06:45:00,2025-07-13T13:15:00,B787,On Time,B17,2025-07-13
SV3009,SV,AQP,CUZ,2025-07-13T15:45:00,2025-07-13T22:30:00,A320,Cancelled,A25,2025-07-13
FZ5015,FZ,LGA,ILO,2025-07-13T06:30:00,2025-07-13T12:15:00,A320,Delayed,B32,2025-07-13
VA6184,VA,CEB,JUJ,2025-07-13T09:00:00,2025-07-13T11:45:00,B777,Delayed,B30,2025-07-13
MP2898,MP,MCO,HKT,2025-07-13T14:45:00,2025-07-13T21:15:00,B787,On Time,A37,2025-07-13
SK1252,SK,XMS,FCO,2025-07-13T13:00:00,2025-07-13T18:30:00,B777,Scheduled,C50,2025-07-13
F91919,F9,BOS,EZE,2025-07-13T11:45:00,2025-07-13T16:30:00,A320,Scheduled,B16,2025-07-13
KQ3101,KQ,FCO,MIA,2025-07-13T06:00:00,2025-07-13T09:30:00,A320,On Time,B5,2025-07-13
FD1484,FD,PER,LHR,2025-07-13T17:30:00,2025-07-13T22:00:00,B777,On Time,A11,2025-07-13
YM5370,YM,YVR,TZX,2025-07-13T18:00:00,2025-07-13T23:15:00,A350,Cancelled,C15,2025-07-13
TD3537,TD,CAI,LHR,2025-07-13T14:45:00,2025-07-13T21:00:00,A320,Delayed,A26,2025-07-13
AR1802,AR,JIJ,PPS,2025-07-13T10:15:00,2025-07-13T16:45:00,B787,Cancelled,C20,2025-07-13
SA3565,SA,SAW,EBL,2025-07-13T11:00:00,2025-07-13T15:30:00,B787,Scheduled,A33,2025-07-13
LO941,LO,OUD,LOS,2025-07-13T15:30:00,2025-07-13T18:30:00,A350,Cancelled,D40,2025-07-13
D88326,D8,UFA,PMR,2025-07-13T15:30:00,2025-07-13T17:30:00,B737,Scheduled,A12,2025-07-13
RJ7705,RJ,NPE,COK,2025-07-13T13:15:00,2025-07-13T18:45:00,A320,Cancelled,C11,2025-07-13
NZ8002,NZ,GRJ,JUJ,2025-07-13T21:30:00,2025-07-14T00:45:00,A320,Scheduled,A35,2025-07-13
MH1063,MH,AYT,DMM,2025-07-14T00:00:00,2025-07-14T05:15:00,A320,On Time,D6,2025-07-13
6E7553,6E,MAA,CGK,2025-07-14T00:45:00,2025-07-14T02:45:00,B787,Scheduled,C21,2025-07-13
QF3279,QF,IPC,MIR,2025-07-13T12:00:00,2025-07-13T13:30:00,A320,Cancelled,C40,2025-07-13
JL2851,JL,BOM,MAA,2025-07-13T07:45:00,2025-07-13T10:45:00,A350,On Time,B18,2025-07-13
FR7634,FR,CCU,MLX,2025-07-13T17:00:00,2025-07-13T23:45:00,B737,Cancelled,B47,2025-07-13
AY8436,AY,OUD,DXB,2025-07-13T22:30:00,2025-07-14T04:45:00,B787,Scheduled,D49,2025-07-13
TT8696,TT,WCA,TAG,2025-07-13T12:45:00,2025-07-13T18:45:00,B777,Scheduled,B27,2025-07-13
SB4485,SB,DVO,PLZ,2025-07-13T19:15:00,2025-07-14T00:30:00,A320,Delayed,D42,2025-07-13
PX6307,PX,CUZ,AWA,2025-07-13T10:30:00,2025-07-13T14:00:00,B737,Scheduled,C43,2025-07-13
W58069,W5,HBA,BRC,2025-07-13T12:00:00,2025-07-13T17:15:00,B787,Cancelled,A43,2025-07-13
QF7370,QF,LXR,CLT,2025-07-13T20:45:00,2025-07-13T22:45:00,A320,Scheduled,A37,2025-07-13
TT8136,TT,EBL,HYD,2025-07-13T11:45:00,2025-07-13T17:15:00,B787,Cancelled,D3,2025-07-13
SN1321,SN,EUN,UFA,2025-07-13T22:00:00,2025-07-13T23:45:00,A320,On Time,A4,2025-07-13
IB1008,IB,RUH,LAS,2025-07-13T19:00:00,2025-07-13T20:00:00,A350,Delayed,B20,2025-07-13
AC8861,AC,ELG,ARN,2025-07-13T18:30:00,2025-07-13T20:00:00,B777,Cancelled,C26,2025-07-13
BA2583,BA,SLA,BOG,2025-07-13T10:15:00,2025-07-13T15:00:00,B787,Cancelled,B47,2025-07-13
QF5709,QF,PHC,JUL,2025-07-13T23:15:00,2025-07-14T04:15:00,B777,Delayed,A16,2025-07-13
IB9425,IB,CUE,CUZ,2025-07-13T07:00:00,2025-07-13T08:00:00,B777,On Time,C29,2025-07-13
LP2286,LP,WAW,GZT,2025-07-13T13:15:00,2025-07-13T18:45:00,A320,Cancelled,C44,2025-07-13
YM2121,YM,SFO,IAD,2025-07-13T08:45:00,2025-07-13T09:45:00,B737,Cancelled,B8,2025-07-13
AY8264,AY,TPE,SAW,2025-07-13T18:00:00,2025-07-13T21:45:00,B737,Scheduled,A47,2025-07-13
GF3307,GF,MUH,HBA,2025-07-13T23:45:00,2025-07-14T03:30:00,B737,Scheduled,A9,2025-07-13
SY4374,SY,TLV,ATH,2025-07-13T09:45:00,2025-07-13T10:45:00,A320,Scheduled,B30,2025-07-13
YM2959,YM,MCO,GDL,2025-07-13T19:00:00,2025-07-14T00:00:00,B737,On Time,C41,2025-07-13
B69486,B6,HFA,DMM,2025-07-13T15:00:00,2025-07-13T20:30:00,B777,On Time,D5,2025-07-13
FJ1674,FJ,ARN,BSB,2025-07-13T18:15:00,2025-07-13T22:00:00,A320,Cancelled,D9,2025-07-13
F9777,F9,PLZ,YVR,2025-07-13T16:00:00,2025-07-13T22:30:00,A320,Cancelled,D47,2025-07-13
SW3234,SW,BRC,NJF,2025-07-13T09:15:00,2025-07-13T12:45:00,A350,Cancelled,D42,2025-07-13
OZ1349,OZ,LOS,PLZ,2025-07-13T17:15:00,2025-07-13T22:30:00,A350,Scheduled,B19,2025-07-13
ET6648,ET,HMO,TRU,2025-07-13T20:15:00,2025-07-14T00:45:00,A320,Cancelled,C4,2025-07-13
G3109,G3,CNX,NRT,2025-07-13T19:00:00,2025-07-14T00:15:00,A350,Scheduled,C36,2025-07-13
FZ7086,FZ,ABV,LLI,2025-07-13T09:45:00,2025-07-13T13:15:00,B787,On Time,B5,2025-07-13
SA3632,SA,BSB,TCP,2025-07-13T14:00:00,2025-07-13T17:00:00,A320,Cancelled,D9,2025-07-13
FJ5733,FJ,WLG,ROV,2025-07-14T00:30:00,2025-07-14T01:30:00,B737,Scheduled,A48,2025-07-13
FD3274,FD,CHC,TAG,2025-07-13T22:30:00,2025-07-14T04:30:00,B777,Delayed,C3,2025-07-13
RO6860,RO,PIU,LAX,2025-07-13T23:00:00,2025-07-14T05:15:00,A320,Cancelled,A14,2025-07-13
SV8606,SV,CYI,NJF,2025-07-13T06:45:00,2025-07-13T08:15:00,B777,Scheduled,B42,2025-07-13
AV2530,AV,BGW,YHZ,2025-07-13T19:15:00,2025-07-14T01:00:00,A350,Cancelled,B24,2025-07-13
NZ5194,NZ,HBA,GMB,2025-07-13T18:30:00,2025-07-14T00:15:00,A320,Delayed,C24,2025-07-13
QZ6456,QZ,RMQ,AMM,2025-07-14T00:30:00,2025-07-14T05:45:00,B777,Cancelled,B9,2025-07-13
TD5636,TD,FOR,HEL,2025-07-13T13:00:00,2025-07-13T19:30:00,A320,Delayed,B32,2025-07-13
IX7809,IX,BAQ,JNB,2025-07-13T11:15:00,2025-07-13T15:15:00,B787,Delayed,B10,2025-07-13
VJ9877,VJ,MAD,ARN,2025-07-13T18:30:00,2025-07-13T20:15:00,A350,Delayed,C11,2025-07-13
DL9416,DL,ARN,WAW,2025-07-13T21:45:00,2025-07-14T03:15:00,A320,Cancelled,C21,2025-07-13
VA7330,VA,CPT,BCD,2025-07-13T06:30:00,2025-07-13T12:30:00,A350,On Time,B47,2025-07-13
G46378,G4,RMF,AGA,2025-07-13T12:45:00,2025-07-13T17:45:00,B737,Scheduled,C36,2025-07-13
BR1260,BR,GRJ,CBQ,2025-07-13T12:00:00,2025-07-13T15:00:00,B737,Delayed,D7,2025-07-13
BT923,BT,BOS,NKG,2025-07-13T13:45:00,2025-07-13T15:15:00,A350,Delayed,D39,2025-07-13
SA4583,SA,XNH,OGL,2025-07-13T10:15:00,2025-07-13T11:15:00,B777,Cancelled,D42,2025-07-13
SY724,SY,OTP,CGK,2025-07-13T06:00:00,2025-07-13T12:15:00,B737,Scheduled,D35,2025-07-13
DT9814,DT,FCO,YYC,2025-07-13T15:45:00,2025-07-13T18:00:00,A350,Scheduled,D25,2025-07-13
CM3364,CM,DJE,MCO,2025-07-13T14:30:00,2025-07-13T17:15:00,B787,Scheduled,A41,2025-07-13
TD3826,TD,RMF,AMD,2025-07-13T17:30:00,2025-07-13T18:45:00,B787,Delayed,A47,2025-07-13
MP6848,MP,BOM,LAX,2025-07-13T08:00:00,2025-07-13T11:15:00,A320,Scheduled,A14,2025-07-13
WN8935,WN,BRC,GYE,2025-07-13T10:15:00,2025-07-13T16:30:00,A320,Cancelled,A31,2025-07-13
AT886,AT,MDZ,DMK,2025-07-13T08:15:00,2025-07-13T14:30:00,A320,Cancelled,C8,2025-07-13
TD7593,TD,GPS,DVO,2025-07-13T22:30:00,2025-07-14T04:15:00,A350,Scheduled,D24,2025-07-13
AY231,AY,GDQ,YYZ,2025-07-13T10:45:00,2025-07-13T12:15:00,B777,Delayed,B44,2025-07-13
CM9769,CM,WAW,CTU,2025-07-13T09:45:00,2025-07-13T15:30:00,B737,Scheduled,B16,2025-07-13
IC1209,IC,SFA,JFK,2025-07-14T00:30:00,2025-07-14T02:45:00,B787,Scheduled,B48,2025-07-13
QF7646,QF,FRA,AEP,2025-07-13T16:45:00,2025-07-13T19:45:00,B777,On Time,A23,2025-07-13
LX3064,LX,JUJ,BAQ,2025-07-13T06:45:00,2025-07-13T08:00:00,A350,Delayed,C12,2025-07-13
TD642,TD,BOG,HIJ,2025-07-13T10:30:00,2025-07-13T14:00:00,B787,Scheduled,C38,2025-07-13
CX8709,CX,TAK,GOI,2025-07-13T09:45:00,2025-07-13T12:45:00,A320,Cancelled,A29,2025-07-13
FD8858,FD,TAE,MDE,2025-07-13T14:00:00,2025-07-13T15:00:00,A320,Delayed,D48,2025-07-13
AV7177,AV,NJF,EWR,2025-07-13T17:00:00,2025-07-13T18:15:00,A350,Scheduled,D42,2025-07-13
SQ1721,SQ,HMO,HEL,2025-07-13T22:00:00,2025-07-14T02:00:00,B787,Scheduled,A46,2025-07-13
LA3585,LA,EZE,NGO,2025-07-13T07:45:00,2025-07-13T10:45:00,A350,On Time,B19,2025-07-13
AD5595,AD,MCO,MQP,2025-07-13T21:45:00,2025-07-14T01:00:00,B787,Delayed,C31,2025-07-13
IR9456,IR,JUL,ATL,2025-07-13T11:00:00,2025-07-13T17:45:00,B787,Scheduled,B36,2025-07-13
UA7499,UA,PYO,GDL,2025-07-13T19:15:00,2025-07-14T01:30:00,B777,Cancelled,A37,2025-07-13
TD2526,TD,OGL,OVB,2025-07-13T06:45:00,2025-07-13T09:30:00,B777,Cancelled,C42,2025-07-13
DJ8055,DJ,MEX,MDE,2025-07-13T14:00:00,2025-07-13T18:15:00,B737,Scheduled,A29,2025-07-13
LO3162,LO,GZT,TAE,2025-07-13T20:45:00,2025-07-14T00:00:00,B737,Cancelled,D3,2025-07-13
SB904,SB,MTZ,GRJ,2025-07-13T13:45:00,2025-07-13T16:45:00,B777,Delayed,C38,2025-07-13
LA8077,LA,MZG,TNG,2025-07-13T07:00:00,2025-07-13T10:00:00,B737,Cancelled,D36,2025-07-13
QF5338,QF,HMO,DXB,2025-07-13T18:15:00,2025-07-13T23:30:00,B787,Cancelled,C14,2025-07-13
TK5711,TK,JED,CHM,2025-07-13T18:00:00,2025-07-13T19:30:00,B787,On Time,D12,2025-07-13
QZ5832,QZ,BCD,SSA,2025-07-13T13:45:00,2025-07-13T18:15:00,A350,Delayed,A30,2025-07-13
NK1944,NK,CUC,LST,2025-07-13T18:00:00,2025-07-14T00:45:00,A320,Scheduled,B17,2025-07-13
AY8610,AY,ILR,ADD,2025-07-13T09:30:00,2025-07-13T14:45:00,A320,Cancelled,D25,2025-07-13
DL3941,DL,CCU,YNY,2025-07-13T21:30:00,2025-07-13T23:00:00,B787,Scheduled,C44,2025-07-13
AT8472,AT,ORD,CNX,2025-07-13T15:00:00,2025-07-13T20:30:00,B787,Delayed,A48,2025-07-13
FR8818,FR,TCQ,CAI,2025-07-13T16:45:00,2025-07-13T18:30:00,B777,Scheduled,C46,2025-07-13
ZX651,ZX,SJD,BGA,2025-07-13T06:00:00,2025-07-13T11:00:00,A320,Delayed,A40,2025-07-13
SV5193,SV,YUL,LXR,2025-07-13T12:00:00,2025-07-13T18:15:00,A320,Delayed,C20,2025-07-13
D89140,D8,WCA,GPS,2025-07-13T19:00:00,2025-07-13T23:30:00,B737,Delayed,A8,2025-07-13
PC6311,PC,CUN,PEK,2025-07-13T15:15:00,2025-07-13T21:30:00,A320,Scheduled,B33,2025-07-13
SQ6820,SQ,SSH,CMN,2025-07-13T16:30:00,2025-07-13T19:45:00,B737,On Time,D13,2025-07-13
WN1417,WN,CBQ,TZX,2025-07-13T17:45:00,2025-07-13T18:45:00,A350,Delayed,A6,2025-07-13
NZ2862,NZ,YOW,YYZ,2025-07-13T15:00:00,2025-07-13T16:30:00,B787,Delayed,B42,2025-07-13
PD8589,PD,ELS,CYI,2025-07-13T07:00:00,2025-07-13T13:00:00,B777,On Time,B22,2025-07-13
NH4656,NH,BGW,ARN,2025-07-13T13:00:00,2025-07-13T15:15:00,A320,On Time,D48,2025-07-13
UA3977,UA,RAK,DFW,2025-07-13T09:15:00,2025-07-13T12:15:00,B787,Delayed,C8,2025-07-13
LX4214,LX,PVR,TAB,2025-07-13T06:00:00,2025-07-13T12:15:00,B787,On Time,A24,2025-07-13
AZ1209,AZ,MQX,GMP,2025-07-13T12:00:00,2025-07-13T13:00:00,B787,Scheduled,B37,2025-07-13
HC8262,HC,IKT,MTY,2025-07-13T06:00:00,2025-07-13T07:45:00,B787,Delayed,A26,2025-07-13
KQ3538,KQ,IPC,SSH,2025-07-13T09:00:00,2025-07-13T14:45:00,B737,Delayed,B44,2025-07-13
ZX918,ZX,NGO,CAI,2025-07-13T17:30:00,2025-07-13T23:15:00,B777,Delayed,D28,2025-07-13
TS589,TS,OVB,CTS,2025-07-13T20:00:00,2025-07-14T02:45:00,B787,On Time,C22,2025-07-13
DT3577,DT,KIX,CUC,2025-07-13T21:00:00,2025-07-13T23:15:00,B737,Scheduled,B9,2025-07-13
LP9050,LP,YEG,PNQ,2025-07-13T14:45:00,2025-07-13T18:45:00,A320,On Time,B41,2025-07-13
ET7364,ET,LSC,TUU,2025-07-13T06:30:00,2025-07-13T12:30:00,A320,Scheduled,A34,2025-07-13
CX8902,CX,IGR,GPS,2025-07-13T08:00:00,2025-07-13T14:45:00,B777,On Time,A6,2025-07-13
EK7146,EK,SLL,MEX,2025-07-13T13:30:00,2025-07-13T18:15:00,B787,Cancelled,A24,2025-07-13
JJ8485,JJ,YUL,TZX,2025-07-13T14:45:00,2025-07-13T16:00:00,A320,On Time,D40,2025-07-13
TD7329,TD,BUD,PYO,2025-07-13T11:15:00,2025-07-13T15:30:00,A350,Scheduled,A11,2025-07-13
AY5011,AY,ENU,GNI,2025-07-13T13:30:00,2025-07-13T18:30:00,B787,Cancelled,B2,2025-07-13
AR5641,AR,EBM,ORD,2025-07-13T15:15:00,2025-07-13T21:30:00,A320,Cancelled,A6,2025-07-13
AI901,AI,ZUR,LOS,2025-07-13T20:15:00,2025-07-13T23:45:00,A350,Delayed,C40,2025-07-13
WG3138,WG,ABV,ELG,2025-07-13T11:45:00,2025-07-13T14:45:00,B777,On Time,D17,2025-07-13
SN3320,SN,SSA,IFN,2025-07-13T21:45:00,2025-07-14T04:30:00,B777,Delayed,D16,2025-07-13
JJ6299,JJ,MNL,DFW,2025-07-13T06:45:00,2025-07-13T10:30:00,B737,On Time,C6,2025-07-13
PC6001,PC,WAW,LHR,2025-07-13T13:45:00,2025-07-13T17:30:00,B777,Cancelled,A19,2025-07-13
WG1279,WG,MSP,CAI,2025-07-13T17:30:00,2025-07-14T00:15:00,A320,Delayed,D23,2025-07-13
TP7062,TP,PVR,VOG,2025-07-13T22:45:00,2025-07-14T04:00:00,B787,Cancelled,C1,2025-07-13
IR1509,IR,EIL,TCP,2025-07-13T07:45:00,2025-07-13T09:15:00,A350,Cancelled,C34,2025-07-13
G45006,G4,MQX,ETM,2025-07-13T19:15:00,2025-07-14T00:00:00,B787,Scheduled,D16,2025-07-13
VN2551,VN,USN,KAN,2025-07-13T11:30:00,2025-07-13T13:45:00,A350,Cancelled,A4,2025-07-13
WS4679,WS,USN,MUH,2025-07-13T13:45:00,2025-07-13T16:30:00,B737,On Time,B29,2025-07-13
AS7795,AS,SZX,PLZ,2025-07-13T18:00:00,2025-07-13T19:45:00,B777,Scheduled,D10,2025-07-13
GA6019,GA,MZG,WLG,2025-07-13T08:15:00,2025-07-13T15:00:00,B777,On Time,C24,2025-07-13
JL5579,JL,PVR,GMP,2025-07-13T08:30:00,2025-07-13T13:45:00,B777,Delayed,C32,2025-07-13
BR7966,BR,NBE,CJC,2025-07-13T21:30:00,2025-07-14T01:15:00,B787,Scheduled,A47,2025-07-13
IX8908,IX,LHR,HFA,2025-07-13T20:00:00,2025-07-13T22:15:00,B777,Cancelled,C42,2025-07-13
DJ8469,DJ,BKK,XMS,2025-07-13T06:15:00,2025-07-13T10:30:00,A320,Delayed,A31,2025-07-13
HC7713,HC,IKT,NBE,2025-07-13T20:15:00,2025-07-13T22:45:00,B777,On Time,A29,2025-07-13
SK4362,SK,CAI,DOH,2025-07-13T14:15:00,2025-07-13T16:45:00,B737,Cancelled,A33,2025-07-13
QZ3245,QZ,EMY,UFA,2025-07-13T13:00:00,2025-07-13T17:45:00,A350,Scheduled,A34,2025-07-13
ME9357,ME,KIX,BOM,2025-07-13T06:30:00,2025-07-13T13:00:00,B777,Scheduled,C5,2025-07-13
UU7191,UU,BSB,YHZ,2025-07-13T21:15:00,2025-07-13T23:15:00,B737,Cancelled,C29,2025-07-13
HV4461,HV,IAD,AHB,2025-07-13T18:45:00,2025-07-13T20:15:00,B787,Delayed,C12,2025-07-13
VY8641,VY,YQB,DTW,2025-07-13T08:30:00,2025-07-13T14:15:00,B737,Scheduled,D16,2025-07-13
TS1449,TS,PMC,HIJ,2025-07-13T19:30:00,2025-07-13T21:30:00,B787,Delayed,A7,2025-07-13
FD1306,FD,AUH,HKG,2025-07-13T11:15:00,2025-07-13T17:15:00,B787,On Time,D44,2025-07-13
LX911,LX,UIO,CYI,2025-07-13T21:00:00,2025-07-14T03:45:00,B737,Cancelled,A46,2025-07-13
VA6505,VA,AQP,YYZ,2025-07-13T08:00:00,2025-07-13T10:15:00,B737,Cancelled,C20,2025-07-13
SW6345,SW,UIO,TTT,2025-07-13T10:00:00,2025-07-13T16:15:00,A350,On Time,D10,2025-07-13
MS9037,MS,GIG,TPE,2025-07-13T08:00:00,2025-07-13T13:15:00,A350,Cancelled,C23,2025-07-13
QR8647,QR,MZG,ANF,2025-07-13T13:45:00,2025-07-13T19:15:00,B787,Cancelled,C1,2025-07-13
AA4309,AA,BJR,UIO,2025-07-13T18:00:00,2025-07-13T21:00:00,B777,Cancelled,B7,2025-07-13
HC1073,HC,FOR,CTU,2025-07-13T14:00:00,2025-07-13T19:15:00,B737,Cancelled,C41,2025-07-13
AT9368,AT,EBM,JFK,2025-07-13T18:00:00,2025-07-13T20:30:00,B737,Cancelled,B15,2025-07-13
P5549,P5,IBA,GRU,2025-07-13T21:00:00,2025-07-14T02:45:00,A350,Scheduled,A14,2025-07-13
SW7860,SW,YYC,TAG,2025-07-13T15:15:00,2025-07-13T17:15:00,B787,On Time,D21,2025-07-13
IX8512,IX,BRC,GRJ,2025-07-13T21:30:00,2025-07-13T22:45:00,B787,Delayed,B4,2025-07-13
AV7824,AV,LAX,RSU,2025-07-13T22:45:00,2025-07-14T00:15:00,B737,Cancelled,A19,2025-07-13
HC6005,HC,YOW,HGH,2025-07-13T06:30:00,2025-07-13T10:15:00,B737,On Time,D33,2025-07-13
P52361,P5,ZAL,ROT,2025-07-13T19:30:00,2025-07-13T23:15:00,A350,Delayed,B44,2025-07-13
AR8478,AR,CUC,ESB,2025-07-13T06:00:00,2025-07-13T07:45:00,B787,Cancelled,D38,2025-07-13
TG2955,TG,SFS,BNE,2025-07-13T16:15:00,2025-07-13T22:30:00,B737,Scheduled,C39,2025-07-13
JL8128,JL,TUN,KSW,2025-07-13T18:45:00,2025-07-13T22:45:00,A350,Delayed,D42,2025-07-13
NK892,NK,CRK,DXB,2025-07-13T22:00:00,2025-07-14T04:00:00,A320,On Time,A26,2025-07-13
BL291,BL,MCO,OVB,2025-07-13T19:15:00,2025-07-13T23:30:00,A350,Scheduled,D12,2025-07-13
PX4597,PX,KIX,PRG,2025-07-13T11:00:00,2025-07-13T14:30:00,A350,Delayed,D33,2025-07-13
QF8167,QF,ATF,LAS,2025-07-13T09:15:00,2025-07-13T12:00:00,A350,On Time,C32,2025-07-13
FJ3060,FJ,OVB,ILO,2025-07-13T14:15:00,2025-07-13T16:30:00,A350,Cancelled,D9,2025-07-13
W56667,W5,KIX,NPL,2025-07-13T15:00:00,2025-07-13T16:00:00,B737,On Time,C34,2025-07-13
AA2282,AA,MDZ,TCQ,2025-07-13T11:30:00,2025-07-13T12:30:00,B787,Delayed,C43,2025-07-13
VJ6283,VJ,DVO,TOE,2025-07-13T16:45:00,2025-07-13T19:45:00,B737,Delayed,A47,2025-07-13
RJ5687,RJ,CPH,FUK,2025-07-13T16:00:00,2025-07-13T17:30:00,B777,On Time,B46,2025-07-13
NZ2822,NZ,OCC,CAI,2025-07-13T22:00:00,2025-07-14T00:30:00,B787,On Time,C48,2025-07-13
D87776,D8,CUZ,PMC,2025-07-13T06:00:00,2025-07-13T08:45:00,B787,Delayed,D30,2025-07-13
AA8245,AA,HFA,CGH,2025-07-13T20:00:00,2025-07-14T01:45:00,B787,Delayed,C49,2025-07-13
UK9484,UK,TRU,BJX,2025-07-13T07:00:00,2025-07-13T08:15:00,A320,On Time,C39,2025-07-13
MP5056,MP,OVB,XMN,2025-07-13T15:15:00,2025-07-13T19:00:00,B777,On Time,B9,2025-07-13
6E1585,6E,ESB,ELG,2025-07-13T13:45:00,2025-07-13T20:00:00,B737,On Time,A4,2025-07-13
PC8886,PC,IST,HTY,2025-07-13T15:30:00,2025-07-13T18:00:00,B777,On Time,C35,2025-07-13
JL881,JL,MUH,LLI,2025-07-13T23:45:00,2025-07-14T04:30:00,B777,Cancelled,D11,2025-07-13
F86337,F8,HMO,USN,2025-07-13T17:00:00,2025-07-13T18:45:00,B777,Delayed,D28,2025-07-13
SN5590,SN,AQP,MIR,2025-07-13T16:15:00,2025-07-13T19:15:00,A320,Delayed,B24,2025-07-13
KQ9065,KQ,LHR,USN,2025-07-13T21:30:00,2025-07-14T01:00:00,B777,On Time,A49,2025-07-13
VA8713,VA,LOS,MZG,2025-07-13T07:45:00,2025-07-13T12:30:00,B777,Scheduled,D28,2025-07-13
FZ4874,FZ,BNE,CJU,2025-07-13T18:15:00,2025-07-14T01:00:00,B737,Scheduled,B44,2025-07-13
SW9178,SW,DTW,ILR,2025-07-13T17:00:00,2025-07-13T20:15:00,B737,Delayed,B41,2025-07-13
VN3753,VN,DUD,KHH,2025-07-13T18:30:00,2025-07-13T22:30:00,B787,Scheduled,C41,2025-07-13
P56480,P5,RMQ,TZX,2025-07-13T06:00:00,2025-07-13T09:00:00,B787,Scheduled,A28,2025-07-13
TK1239,TK,GYE,SSA,2025-07-13T09:45:00,2025-07-13T14:45:00,B777,On Time,C5,2025-07-13
BT7482,BT,EBM,GIG,2025-07-13T16:45:00,2025-07-13T20:15:00,A320,Scheduled,A42,2025-07-13
UA9905,UA,CPT,TIJ,2025-07-13T08:30:00,2025-07-13T10:00:00,B737,On Time,A10,2025-07-13
WJ1082,WJ,ILO,NDR,2025-07-13T11:00:00,2025-07-13T13:00:00,B737,Cancelled,C15,2025-07-13
OK5140,OK,MSP,NPE,2025-07-13T13:30:00,2025-07-13T18:15:00,A350,Scheduled,C28,2025-07-13
G33375,G3,GPS,CNF,2025-07-13T11:30:00,2025-07-13T17:00:00,A320,On Time,D5,2025-07-13
6E667,6E,FRA,MEX,2025-07-13T10:00:00,2025-07-13T13:15:00,B787,On Time,A29,2025-07-13
CM7169,CM,DFW,EIL,2025-07-14T00:15:00,2025-07-14T02:15:00,B777,Scheduled,A16,2025-07-13
AC1152,AC,ZCO,ANF,2025-07-13T10:45:00,2025-07-13T16:15:00,B737,Scheduled,B6,2025-07-13
QZ9663,QZ,TPE,GRU,2025-07-13T14:00:00,2025-07-13T18:45:00,A320,Delayed,C46,2025-07-13
ZX4075,ZX,MAD,MTZ,2025-07-13T08:15:00,2025-07-13T12:45:00,B787,Delayed,D16,2025-07-13
AI7764,AI,AMM,RPN,2025-07-13T12:00:00,2025-07-13T14:30:00,A350,On Time,A24,2025-07-13
OK1708,OK,MUC,BKK,2025-07-14T00:15:00,2025-07-14T03:15:00,B777,Cancelled,A24,2025-07-13
AV5411,AV,DMM,PNQ,2025-07-13T19:45:00,2025-07-13T22:15:00,B787,Cancelled,B24,2025-07-13
SB7476,SB,CNS,PMR,2025-07-13T11:00:00,2025-07-13T13:30:00,A350,On Time,B40,2025-07-13
WJ2950,WJ,DMM,CPH,2025-07-14T00:00:00,2025-07-14T03:15:00,B787,Cancelled,D10,2025-07-13
BA7447,BA,ESB,RPN,2025-07-13T20:45:00,2025-07-14T02:45:00,B777,Delayed,A35,2025-07-13
AS974,AS,SVO,RSU,2025-07-13T21:45:00,2025-07-13T22:45:00,B787,Scheduled,B14,2025-07-13
SQ5580,SQ,ANF,MEL,2025-07-13T06:45:00,2025-07-13T09:45:00,B777,On Time,C2,2025-07-13
VN1376,VN,ELS,PPS,2025-07-14T00:15:00,2025-07-14T06:00:00,A320,Scheduled,A8,2025-07-13
TP9528,TP,UIO,MEX,2025-07-13T20:15:00,2025-07-13T21:45:00,B787,Scheduled,A49,2025-07-13
UA5404,UA,BOM,CUC,2025-07-13T12:00:00,2025-07-13T18:15:00,A350,Scheduled,A8,2025-07-13
TK9872,TK,LAS,VOG,2025-07-13T08:45:00,2025-07-13T11:00:00,A350,On Time,C50,2025-07-13
RO4504,RO,GMP,XMN,2025-07-13T07:45:00,2025-07-13T13:00:00,B787,On Time,D11,2025-07-13
WN3863,WN,ORD,HYD,2025-07-13T18:00:00,2025-07-13T22:45:00,B777,Delayed,A2,2025-07-13
FZ6804,FZ,PVR,OSL,2025-07-14T00:30:00,2025-07-14T06:45:00,B787,Cancelled,D30,2025-07-13
JQ1506,JQ,CAI,PVR,2025-07-14T00:30:00,2025-07-14T02:45:00,B777,On Time,D14,2025-07-13
IC562,IC,JNB,SHC,2025-07-13T16:15:00,2025-07-13T19:45:00,B737,On Time,A21,2025-07-13
HC1221,HC,COR,MEL,2025-07-13T22:15:00,2025-07-14T03:45:00,A320,Delayed,B21,2025-07-13
AA7499,AA,BJX,GDQ,2025-07-13T22:30:00,2025-07-14T04:15:00,A350,Cancelled,C19,2025-07-13
FR7860,FR,PEK,DRW,2025-07-13T21:15:00,2025-07-14T00:00:00,B787,Scheduled,D48,2025-07-13
TG4885,TG,DOH,EZE,2025-07-13T10:45:00,2025-07-13T13:45:00,A320,Scheduled,D38,2025-07-13
MS3051,MS,OUD,GDQ,2025-07-13T06:30:00,2025-07-13T12:15:00,B737,Delayed,D44,2025-07-13
KE6683,KE,DUD,CUC,2025-07-13T23:00:00,2025-07-14T02:15:00,B737,Scheduled,B34,2025-07-13
AF663,AF,BLR,YNY,2025-07-13T18:00:00,2025-07-13T23:15:00,A350,Cancelled,B9,2025-07-13
SN3185,SN,LAX,DUR,2025-07-13T17:15:00,2025-07-13T19:15:00,B737,On Time,D17,2025-07-13
VN1062,VN,PMR,HIJ,2025-07-13T08:45:00,2025-07-13T10:15:00,B777,Cancelled,B38,2025-07-13
ET3425,ET,NRT,LSC,2025-07-13T20:30:00,2025-07-13T22:30:00,A320,On Time,C47,2025-07-13
WN8556,WN,LOS,DOH,2025-07-13T15:30:00,2025-07-13T20:00:00,A350,Cancelled,D31,2025-07-13
BA923,BA,YVR,DUR,2025-07-13T11:15:00,2025-07-13T15:45:00,B777,Scheduled,C17,2025-07-13
TT6497,TT,SHC,TAG,2025-07-13T15:45:00,2025-07-13T20:15:00,A350,Delayed,A30,2025-07-13
JU7993,JU,ICN,DFW,2025-07-13T22:15:00,2025-07-14T03:45:00,A320,Cancelled,A8,2025-07-13
KQ6349,KQ,IQT,SJD,2025-07-13T09:15:00,2025-07-13T16:00:00,A350,Cancelled,B43,2025-07-13
HC1978,HC,PEK,YHZ,2025-07-14T00:30:00,2025-07-14T01:30:00,A350,Cancelled,D45,2025-07-13
XG5724,XG,TOE,CPH,2025-07-13T19:15:00,2025-07-13T20:30:00,A320,On Time,B20,2025-07-13
FZ2785,FZ,JUL,CCU,2025-07-14T00:00:00,2025-07-14T03:00:00,B787,Delayed,B31,2025-07-13
SY6221,SY,FOR,CDG,2025-07-13T14:30:00,2025-07-13T18:15:00,B737,Cancelled,A36,2025-07-13
SN7913,SN,CPT,BOG,2025-07-13T22:45:00,2025-07-14T03:15:00,A350,Delayed,D35,2025-07-13
JL2794,JL,MFM,GRU,2025-07-13T12:45:00,2025-07-13T19:15:00,B777,Scheduled,D45,2025-07-13
FR534,FR,OVB,AHB,2025-07-13T16:45:00,2025-07-13T18:15:00,B777,Scheduled,B49,2025-07-13
DL871,DL,TPE,DFW,2025-07-13T12:00:00,2025-07-13T15:30:00,B787,Delayed,A11,2025-07-13
D86254,D8,MUH,TTU,2025-07-13T16:00:00,2025-07-13T20:00:00,B737,Scheduled,A41,2025-07-13
U24951,U2,PLZ,TPE,2025-07-13T09:45:00,2025-07-13T14:45:00,B787,On Time,A50,2025-07-13
SK5717,SK,GOI,ZQN,2025-07-13T15:00:00,2025-07-13T19:30:00,B787,On Time,B3,2025-07-13
IR2724,IR,IFN,TPE,2025-07-13T20:45:00,2025-07-14T00:00:00,A350,Cancelled,D37,2025-07-13
CM9133,CM,IQT,CUZ,2025-07-13T07:15:00,2025-07-13T12:15:00,B777,Cancelled,B40,2025-07-13
BR2748,BR,LXR,PHC,2025-07-13T22:15:00,2025-07-13T23:45:00,A350,Delayed,A15,2025-07-13
P57390,P5,NJF,HMO,2025-07-13T23:15:00,2025-07-14T01:15:00,A320,Scheduled,D22,2025-07-13
WJ1486,WJ,NDR,BSR,2025-07-13T06:30:00,2025-07-13T07:30:00,B737,Delayed,A13,2025-07-13
SQ9514,SQ,MCO,ASW,2025-07-13T16:30:00,2025-07-13T20:15:00,B787,Delayed,A46,2025-07-13
FJ6437,FJ,ERH,LIM,2025-07-13T12:30:00,2025-07-13T13:30:00,A350,Delayed,A13,2025-07-13
LH8290,LH,PLZ,REC,2025-07-13T21:45:00,2025-07-14T02:45:00,A320,On Time,A28,2025-07-13
UU9585,UU,DMK,YWG,2025-07-13T14:15:00,2025-07-13T18:15:00,A350,Delayed,A25,2025-07-13
TS2409,TS,HRG,CUZ,2025-07-13T11:45:00,2025-07-13T16:00:00,B787,Scheduled,C6,2025-07-13
QZ4484,QZ,PMC,ETM,2025-07-13T17:30:00,2025-07-13T23:15:00,B777,Cancelled,B42,2025-07-13
TT6400,TT,FRA,GRU,2025-07-13T08:30:00,2025-07-13T11:30:00,A350,Delayed,C15,2025-07-13
TK5227,TK,CJU,ILR,2025-07-13T20:15:00,2025-07-14T01:30:00,B737,On Time,D44,2025-07-13
IB6223,IB,MQP,RMQ,2025-07-13T23:30:00,2025-07-14T03:00:00,B737,Scheduled,D26,2025-07-13
W53666,W5,TNN,BOM,2025-07-13T19:45:00,2025-07-13T22:00:00,B787,Delayed,B29,2025-07-13
MS6278,MS,DTW,CUN,2025-07-13T10:30:00,2025-07-13T14:00:00,A350,Delayed,C20,2025-07-13
LO1939,LO,EBM,OKA,2025-07-13T11:15:00,2025-07-13T18:00:00,B777,Delayed,B36,2025-07-13
LP2058,LP,JFK,ADL,2025-07-13T08:00:00,2025-07-13T11:45:00,B787,On Time,D27,2025-07-13
MH7815,MH,DFW,CGY,2025-07-13T09:30:00,2025-07-13T11:15:00,A350,Cancelled,C22,2025-07-13
OK7683,OK,FRA,GZT,2025-07-14T00:45:00,2025-07-14T03:00:00,A350,Scheduled,A16,2025-07-13
VA5280,VA,DPS,GDL,2025-07-13T10:15:00,2025-07-13T14:15:00,B787,On Time,C43,2025-07-13
I58404,I5,JUJ,WCA,2025-07-13T17:15:00,2025-07-13T21:30:00,A350,On Time,D14,2025-07-13
SK3476,SK,TAB,ICN,2025-07-13T20:45:00,2025-07-14T01:45:00,A350,Delayed,D5,2025-07-13
RO5040,RO,FOR,HBA,2025-07-14T00:45:00,2025-07-14T06:30:00,A350,Scheduled,A36,2025-07-13
TD5338,TD,HTY,AYT,2025-07-13T14:00:00,2025-07-13T20:00:00,A350,Scheduled,B19,2025-07-13
IR3495,IR,FEZ,ADL,2025-07-14T00:30:00,2025-07-14T02:30:00,A350,Delayed,B31,2025-07-13
TD6444,TD,AMM,HYD,2025-07-13T13:30:00,2025-07-13T14:45:00,B737,On Time,D19,2025-07-13
LX7594,LX,FEZ,HRG,2025-07-13T22:15:00,2025-07-14T00:30:00,B777,Scheduled,B20,2025-07-13
CI9567,CI,ARN,ADZ,2025-07-13T23:30:00,2025-07-14T01:00:00,B737,Cancelled,C40,2025-07-13
IB2900,IB,TZX,LSC,2025-07-13T12:45:00,2025-07-13T15:00:00,A350,Cancelled,D29,2025-07-13
EY2051,EY,TUU,SLL,2025-07-13T09:30:00,2025-07-13T14:30:00,B737,Delayed,D35,2025-07-13
QZ2553,QZ,HYD,MQX,2025-07-13T23:15:00,2025-07-14T04:30:00,B737,Cancelled,A47,2025-07-13
WF7067,WF,CEB,JFK,2025-07-13T20:30:00,2025-07-13T21:45:00,B777,Cancelled,D33,2025-07-13
6E8606,6E,LGA,SCY,2025-07-13T16:30:00,2025-07-13T23:00:00,B777,Scheduled,C5,2025-07-13
TT4220,TT,KIX,ILR,2025-07-14T00:00:00,2025-07-14T04:00:00,B777,Cancelled,B7,2025-07-13
AA4892,AA,SSH,ASW,2025-07-13T22:30:00,2025-07-14T03:30:00,B777,On Time,C30,2025-07-13
ET6117,ET,CEB,FTE,2025-07-13T09:45:00,2025-07-13T12:45:00,B777,Delayed,D2,2025-07-13
AF6883,AF,ROT,MTY,2025-07-13T13:45:00,2025-07-13T15:15:00,A350,Delayed,D46,2025-07-13
U27520,U2,JRS,SFO,2025-07-13T15:30:00,2025-07-13T17:00:00,A320,On Time,A22,2025-07-13
AR3101,AR,DXB,TPE,2025-07-14T00:00:00,2025-07-14T01:15:00,A320,Scheduled,B25,2025-07-13
EY6344,EY,DRW,SFO,2025-07-13T11:15:00,2025-07-13T15:45:00,A320,Scheduled,B45,2025-07-13
NK189,NK,CDG,TAK,2025-07-13T14:15:00,2025-07-13T17:30:00,B777,Cancelled,C10,2025-07-13
SV2800,SV,CGY,BOS,2025-07-13T16:00:00,2025-07-13T19:00:00,B737,Delayed,C34,2025-07-13
NH7653,NH,DTW,CMN,2025-07-13T16:30:00,2025-07-13T23:00:00,A350,Cancelled,A1,2025-07-13
I57736,I5,DEN,EWR,2025-07-13T06:15:00,2025-07-13T11:00:00,A320,Delayed,B7,2025-07-13
ZX6215,ZX,SAW,YNY,2025-07-13T20:00:00,2025-07-14T02:45:00,A320,Scheduled,A33,2025-07-13
HC9509,HC,XMN,FTE,2025-07-13T17:30:00,2025-07-13T18:45:00,A350,Scheduled,C38,2025-07-13
UK5291,UK,LGA,ABV,2025-07-13T20:15:00,2025-07-14T01:30:00,A320,Scheduled,C41,2025-07-13
PD6491,PD,HRG,LST,2025-07-14T00:45:00,2025-07-14T03:15:00,B737,Delayed,A5,2025-07-13
ZX8059,ZX,TTU,DWC,2025-07-13T17:15:00,2025-07-13T21:45:00,B777,On Time,B10,2025-07-13
HC4041,HC,NDR,CNX,2025-07-13T22:30:00,2025-07-14T01:45:00,B737,Scheduled,D48,2025-07-13
AR5388,AR,COR,SLA,2025-07-13T13:45:00,2025-07-13T16:30:00,B787,Cancelled,A9,2025-07-13
SV776,SV,VDA,DWC,2025-07-13T20:45:00,2025-07-14T03:30:00,B777,Cancelled,A32,2025-07-13
WG2700,WG,JOS,GMP,2025-07-13T12:30:00,2025-07-13T15:30:00,B777,Delayed,C13,2025-07-13
OZ6843,OZ,ROV,GMP,2025-07-14T00:45:00,2025-07-14T06:15:00,A320,On Time,C41,2025-07-13
BR4731,BR,WLG,TNG,2025-07-13T19:30:00,2025-07-14T00:45:00,B777,Delayed,C47,2025-07-13
MP6502,MP,TLV,MAD,2025-07-13T19:00:00,2025-07-13T21:30:00,A350,Cancelled,C9,2025-07-13
JJ8511,JJ,OTP,MAA,2025-07-13T15:45:00,2025-07-13T19:15:00,B737,Delayed,A16,2025-07-13
RJ7046,RJ,TTT,CYI,2025-07-13T21:45:00,2025-07-14T02:15:00,B777,Scheduled,B6,2025-07-13
AR4484,AR,KIM,CPH,2025-07-13T09:45:00,2025-07-13T13:00:00,A350,Cancelled,B21,2025-07-13
TP1373,TP,AYT,TLV,2025-07-13T17:15:00,2025-07-13T21:45:00,A350,Delayed,D32,2025-07-13
TP5438,TP,FEZ,GDL,2025-07-13T07:30:00,2025-07-13T09:45:00,B787,Cancelled,D39,2025-07-13
EK7729,EK,BJX,SCY,2025-07-13T20:00:00,2025-07-14T01:00:00,A320,Cancelled,B21,2025-07-13
IX6681,IX,CNF,DLM,2025-07-13T09:15:00,2025-07-13T10:15:00,B787,Cancelled,A16,2025-07-13
G42734,G4,ARN,PPS,2025-07-14T00:30:00,2025-07-14T03:45:00,A320,Cancelled,B41,2025-07-13
AF8043,AF,HKT,DEL,2025-07-13T22:45:00,2025-07-14T01:15:00,B787,Delayed,A31,2025-07-13
F87133,F8,XMN,CUN,2025-07-13T06:30:00,2025-07-13T08:15:00,B737,Cancelled,B2,2025-07-13
EK4205,EK,ELS,SEA,2025-07-13T06:00:00,2025-07-13T09:45:00,A320,Scheduled,D47,2025-07-13
AA5215,AA,ELG,CJU,2025-07-13T23:30:00,2025-07-14T03:45:00,B787,Scheduled,B3,2025-07-13
P57852,P5,CNS,GOI,2025-07-13T17:00:00,2025-07-13T18:00:00,B737,Delayed,A8,2025-07-13
MH6531,MH,NPE,BLR,2025-07-13T15:30:00,2025-07-13T22:15:00,B777,Cancelled,C45,2025-07-13
ME947,ME,DFW,CYI,2025-07-13T21:30:00,2025-07-14T02:45:00,A320,Delayed,A15,2025-07-13
ET6926,ET,BOM,CGK,2025-07-13T13:30:00,2025-07-13T17:15:00,B787,Cancelled,D11,2025-07-13
VJ9800,VJ,WCA,MTZ,2025-07-13T07:15:00,2025-07-13T09:45:00,A350,On Time,D10,2025-07-13
KQ8665,KQ,EMY,JED,2025-07-13T20:15:00,2025-07-14T01:30:00,A350,On Time,C48,2025-07-13
QZ6586,QZ,TCQ,AXM,2025-07-13T16:00:00,2025-07-13T18:00:00,A350,On Time,A20,2025-07-13
SQ7474,SQ,NQN,YYC,2025-07-13T11:30:00,2025-07-13T13:15:00,B777,Cancelled,B4,2025-07-13
LP1961,LP,TIJ,ELS,2025-07-13T06:00:00,2025-07-13T08:45:00,B777,Scheduled,D36,2025-07-13
AZ5473,AZ,DUD,OVB,2025-07-13T20:45:00,2025-07-14T03:00:00,B777,On Time,D3,2025-07-13
CI3585,CI,BSR,CZM,2025-07-13T14:00:00,2025-07-13T15:15:00,B737,Scheduled,B28,2025-07-13
P55178,P5,LAX,BEV,2025-07-13T19:15:00,2025-07-13T21:30:00,A320,Delayed,D36,2025-07-13
AI2824,AI,HKG,SVO,2025-07-13T20:00:00,2025-07-13T23:15:00,B787,Delayed,B35,2025-07-13
F85771,F8,DFW,AWA,2025-07-13T14:30:00,2025-07-13T16:30:00,B737,Scheduled,A17,2025-07-13
OZ8568,OZ,EJA,TCP,2025-07-13T20:30:00,2025-07-14T00:30:00,B787,On Time,D19,2025-07-13
BL2522,BL,CAI,BOG,2025-07-13T10:45:00,2025-07-13T12:45:00,B737,On Time,C20,2025-07-13
AT4831,AT,SCL,RUH,2025-07-13T22:00:00,2025-07-14T03:00:00,A350,Scheduled,A34,2025-07-13
OK6189,OK,DLM,MTY,2025-07-13T13:45:00,2025-07-13T17:45:00,B737,Delayed,A20,2025-07-13
PX8061,PX,BEV,KMG,2025-07-13T16:15:00,2025-07-13T18:30:00,B787,Scheduled,A14,2025-07-13
6E5359,6E,GMB,AWA,2025-07-13T21:45:00,2025-07-14T04:00:00,B777,On Time,A24,2025-07-13
UK6271,UK,YVR,DTW,2025-07-13T08:30:00,2025-07-13T14:45:00,B777,On Time,B4,2025-07-13
RJ467,RJ,EMY,FCO,2025-07-13T13:00:00,2025-07-13T18:15:00,B737,On Time,C5,2025-07-13
FJ619,FJ,SFA,ATF,2025-07-13T16:15:00,2025-07-13T22:00:00,B737,On Time,B44,2025-07-13
PC600,PC,TTT,JNB,2025-07-13T18:45:00,2025-07-13T21:30:00,B777,Scheduled,C50,2025-07-13
DT952,DT,KMG,ROT,2025-07-13T17:00:00,2025-07-13T19:15:00,A350,On Time,A48,2025-07-13
LO2430,LO,CTS,TLV,2025-07-13T17:15:00,2025-07-13T21:00:00,B737,Cancelled,D26,2025-07-13
NK7651,NK,GNI,EMY,2025-07-13T15:30:00,2025-07-13T22:15:00,B787,On Time,A29,2025-07-13
HV8664,HV,BSR,CGK,2025-07-13T21:30:00,2025-07-13T23:00:00,B737,Cancelled,B13,2025-07-13
IR2184,IR,KMI,MLX,2025-07-13T09:15:00,2025-07-13T14:00:00,A320,Cancelled,B20,2025-07-13
FJ2284,FJ,MTZ,MED,2025-07-13T09:15:00,2025-07-13T12:00:00,A350,Cancelled,C24,2025-07-13
WJ2113,WJ,MED,GRJ,2025-07-13T07:15:00,2025-07-13T09:15:00,B737,Cancelled,D12,2025-07-13
ME9760,ME,DTW,ADZ,2025-07-13T20:45:00,2025-07-14T00:30:00,B737,Cancelled,B5,2025-07-13
BA5747,BA,PLZ,VOG,2025-07-13T08:30:00,2025-07-13T11:45:00,B777,On Time,B17,2025-07-13
GF2315,GF,PEK,AKL,2025-07-13T19:45:00,2025-07-14T01:15:00,B777,On Time,C33,2025-07-13
FD6143,FD,CAI,SAW,2025-07-14T00:30:00,2025-07-14T03:30:00,A350,On Time,D4,2025-07-13
KL2660,KL,DMK,IQT,2025-07-13T19:30:00,2025-07-14T00:30:00,B777,Cancelled,B5,2025-07-13
VJ5257,VJ,CUE,ICN,2025-07-13T17:00:00,2025-07-13T18:30:00,B737,On Time,C15,2025-07-13
DL4446,DL,TTT,AKL,2025-07-13T20:15:00,2025-07-14T02:45:00,B787,Cancelled,D30,2025-07-13
WJ2196,WJ,FOR,ANF,2025-07-13T11:15:00,2025-07-13T15:30:00,A350,On Time,B19,2025-07-13
SB4349,SB,AYT,RMQ,2025-07-13T13:45:00,2025-07-13T16:45:00,A350,Scheduled,A37,2025-07-13
UK6699,UK,CZM,PMC,2025-07-13T13:45:00,2025-07-13T15:30:00,B787,Delayed,A36,2025-07-13
XG9140,XG,CEB,EIL,2025-07-13T17:45:00,2025-07-13T23:15:00,B737,Cancelled,A16,2025-07-13
AV7759,AV,SCL,HRG,2025-07-13T13:45:00,2025-07-13T17:00:00,A320,Delayed,B34,2025-07-13
VN1030,VN,PYO,BJX,2025-07-13T08:30:00,2025-07-13T15:15:00,B777,Scheduled,B37,2025-07-13
VA4598,VA,KRR,YUL,2025-07-13T07:45:00,2025-07-13T14:15:00,B787,Cancelled,B7,2025-07-13
IC7462,IC,BJX,DFW,2025-07-13T13:30:00,2025-07-13T19:30:00,B737,On Time,C11,2025-07-13
EY8753,EY,JOS,HEL,2025-07-13T06:15:00,2025-07-13T08:45:00,B787,On Time,A9,2025-07-13
AT9308,AT,PNQ,TRU,2025-07-13T14:30:00,2025-07-13T19:15:00,B737,Cancelled,C27,2025-07-13
WS1328,WS,PLZ,IPC,2025-07-13T17:15:00,2025-07-13T19:30:00,A350,Scheduled,A41,2025-07-13
U28764,U2,JFK,ABV,2025-07-13T07:15:00,2025-07-13T08:15:00,B737,Cancelled,D4,2025-07-13
CI8751,CI,ATF,GOI,2025-07-13T10:15:00,2025-07-13T11:15:00,A350,Delayed,C32,2025-07-13
IB8238,IB,PVR,MNL,2025-07-13T12:30:00,2025-07-13T16:00:00,B737,On Time,D18,2025-07-13
AT9141,AT,MQP,UIO,2025-07-13T16:30:00,2025-07-13T18:30:00,A320,Cancelled,B17,2025-07-13
AC4611,AC,JUJ,DJE,2025-07-13T08:15:00,2025-07-13T14:45:00,A320,Scheduled,C4,2025-07-13
OS4576,OS,OSL,EBM,2025-07-13T13:15:00,2025-07-13T17:45:00,A320,Scheduled,D2,2025-07-13
AT7857,AT,MFK,BKK,2025-07-13T19:30:00,2025-07-13T21:30:00,B787,Scheduled,C7,2025-07-13
SK2984,SK,HRG,RMF,2025-07-13T07:15:00,2025-07-13T09:45:00,A320,Delayed,C20,2025-07-13
BR8795,BR,DUR,MTY,2025-07-13T08:45:00,2025-07-13T15:15:00,B777,Scheduled,C24,2025-07-13
PD1939,PD,CTG,SSH,2025-07-13T13:45:00,2025-07-13T18:00:00,A320,Scheduled,C20,2025-07-13
AD334,AD,IST,CNF,2025-07-13T16:15:00,2025-07-13T19:30:00,A320,Delayed,A14,2025-07-13
FZ4287,FZ,JNB,YYC,2025-07-13T13:45:00,2025-07-13T20:30:00,B737,On Time,C4,2025-07-13
HC3562,HC,JNB,OUD,2025-07-13T11:30:00,2025-07-13T14:00:00,A320,Cancelled,B46,2025-07-13
WN9600,WN,BOG,PHC,2025-07-13T13:00:00,2025-07-13T18:15:00,B777,Delayed,C49,2025-07-13
BL8870,BL,VDA,ZUR,2025-07-13T06:00:00,2025-07-13T11:45:00,B777,On Time,B39,2025-07-13
DT6945,DT,DEN,MFK,2025-07-13T06:30:00,2025-07-13T07:30:00,B777,On Time,C50,2025-07-13
F96322,F9,IFN,ABV,2025-07-13T22:30:00,2025-07-14T02:15:00,A350,Scheduled,A21,2025-07-13
KE483,KE,CBQ,NPL,2025-07-13T19:45:00,2025-07-14T02:15:00,B737,Delayed,D41,2025-07-13
HV1245,HV,LXR,DRW,2025-07-13T13:45:00,2025-07-13T18:30:00,B787,Scheduled,B5,2025-07-13
XG3833,XG,AKR,PRG,2025-07-13T12:00:00,2025-07-13T16:30:00,A350,On Time,D45,2025-07-13
NH5808,NH,DMK,DVO,2025-07-13T11:00:00,2025-07-13T15:45:00,A320,Cancelled,A5,2025-07-13
TP3983,TP,CPH,CNX,2025-07-13T20:45:00,2025-07-14T01:00:00,B787,Scheduled,B11,2025-07-13
LA6388,LA,IPC,BOG,2025-07-13T12:45:00,2025-07-13T16:00:00,B787,Cancelled,D22,2025-07-13
RJ9341,RJ,PNQ,RMF,2025-07-13T18:15:00,2025-07-14T01:00:00,A320,Scheduled,D4,2025-07-13
WG3522,WG,RUH,SSA,2025-07-13T09:30:00,2025-07-13T14:15:00,B737,Cancelled,A24,2025-07-13
AD5224,AD,PYO,YUL,2025-07-14T00:30:00,2025-07-14T03:00:00,B737,On Time,A19,2025-07-13
BT4160,BT,VOG,FTE,2025-07-13T14:30:00,2025-07-13T21:15:00,B787,Cancelled,A35,2025-07-13
D84492,D8,ERH,YVR,2025-07-13T11:45:00,2025-07-13T14:15:00,B737,Cancelled,D23,2025-07-13
BL942,BL,YYC,EWR,2025-07-13T21:15:00,2025-07-14T00:00:00,B777,Delayed,A22,2025-07-13
NH8731,NH,GYE,UIO,2025-07-13T20:45:00,2025-07-13T21:45:00,A350,Cancelled,A8,2025-07-13
TP3875,TP,SHC,AYP,2025-07-13T10:15:00,2025-07-13T16:15:00,B737,On Time,B8,2025-07-13
SW5178,SW,MUH,DPS,2025-07-13T23:30:00,2025-07-14T02:45:00,B777,Delayed,A16,2025-07-13
SW2408,SW,ELG,SAW,2025-07-13T13:45:00,2025-07-13T17:00:00,A350,On Time,A32,2025-07-13
BR6133,BR,TAE,COR,2025-07-13T19:45:00,2025-07-13T21:30:00,B737,Cancelled,A27,2025-07-13
TD8705,TD,VIE,ASW,2025-07-13T12:00:00,2025-07-13T17:30:00,B777,Cancelled,A4,2025-07-13
WS507,WS,AMM,SSH,2025-07-13T20:00:00,2025-07-13T21:00:00,A320,Delayed,B42,2025-07-13
SA3853,SA,EWR,DEL,2025-07-13T12:45:00,2025-07-13T15:30:00,A350,On Time,C2,2025-07-13
DL2779,DL,BOM,GMB,2025-07-13T13:00:00,2025-07-13T17:15:00,B787,On Time,C8,2025-07-13
IC6363,IC,LIS,MTZ,2025-07-13T06:45:00,2025-07-13T11:30:00,B737,On Time,B21,2025-07-13
UK6365,UK,HMO,RSU,2025-07-14T00:15:00,2025-07-14T01:30:00,A350,Delayed,B42,2025-07-13
VJ890,VJ,ANF,BKK,2025-07-13T22:15:00,2025-07-14T03:30:00,B777,On Time,A9,2025-07-13
JQ2152,JQ,DJE,MEL,2025-07-13T22:30:00,2025-07-14T04:45:00,B737,Cancelled,C1,2025-07-13
AA4301,AA,ASW,MQP,2025-07-13T09:00:00,2025-07-13T15:45:00,A350,Cancelled,A9,2025-07-13
JJ1677,JJ,ROV,TTT,2025-07-13T22:30:00,2025-07-14T04:15:00,B737,Delayed,A49,2025-07-13
JU7115,JU,DLM,MCO,2025-07-13T09:15:00,2025-07-13T11:30:00,A320,On Time,C23,2025-07-13
SN7905,SN,HTY,CUC,2025-07-13T15:15:00,2025-07-13T17:30:00,A320,Scheduled,B5,2025-07-13
P58690,P5,YHZ,ZAL,2025-07-13T09:45:00,2025-07-13T12:30:00,A350,Scheduled,B32,2025-07-13
UK8642,UK,CUZ,ASW,2025-07-13T06:30:00,2025-07-13T11:15:00,A350,On Time,B9,2025-07-13
IR5049,IR,WLG,ELG,2025-07-13T11:30:00,2025-07-13T13:00:00,B777,Cancelled,C3,2025-07-13
WN3689,WN,GDQ,DEN,2025-07-13T15:15:00,2025-07-13T19:45:00,A320,On Time,D27,2025-07-13
AZ9888,AZ,MAA,EMY,2025-07-13T18:45:00,2025-07-13T22:30:00,A350,Cancelled,D4,2025-07-13
IX7416,IX,YNY,IST,2025-07-13T18:00:00,2025-07-13T23:00:00,B737,Cancelled,D12,2025-07-13
AS3251,AS,ILR,MDZ,2025-07-13T23:00:00,2025-07-14T02:15:00,A350,Scheduled,A10,2025-07-13
OK2834,OK,SCY,TNN,2025-07-13T22:30:00,2025-07-14T02:00:00,A320,Scheduled,A12,2025-07-13
AD4318,AD,CEB,SCL,2025-07-13T13:00:00,2025-07-13T18:00:00,A350,On Time,C7,2025-07-13
VN8824,VN,KIM,WJU,2025-07-13T18:45:00,2025-07-14T01:00:00,A320,Cancelled,A1,2025-07-13
FZ7219,FZ,GAE,TLV,2025-07-13T18:15:00,2025-07-13T22:15:00,B737,Scheduled,A16,2025-07-13
TS6270,TS,ROT,AYP,2025-07-13T18:00:00,2025-07-13T21:45:00,A350,Cancelled,B4,2025-07-13
FJ7929,FJ,PNQ,OKA,2025-07-13T12:00:00,2025-07-13T15:45:00,B737,On Time,A45,2025-07-13
W56523,W5,CLO,KAN,2025-07-13T21:30:00,2025-07-14T01:30:00,A320,Scheduled,B17,2025-07-13
CI6046,CI,BJX,ZQN,2025-07-13T14:30:00,2025-07-13T21:00:00,B737,Cancelled,A34,2025-07-13
AC2497,AC,HUN,BCD,2025-07-13T08:00:00,2025-07-13T14:15:00,A320,Scheduled,A49,2025-07-13
OZ1151,OZ,CUN,PNQ,2025-07-13T09:30:00,2025-07-13T13:45:00,B777,On Time,B47,2025-07-13
NK9637,NK,WJU,NPL,2025-07-13T22:15:00,2025-07-14T00:00:00,B777,Cancelled,D50,2025-07-13
BL5059,BL,COK,MUH,2025-07-13T22:00:00,2025-07-14T00:00:00,B777,Scheduled,C14,2025-07-13
MH5228,MH,DWC,XMS,2025-07-13T20:30:00,2025-07-13T22:00:00,A320,Delayed,A12,2025-07-13
JJ6340,JJ,CUZ,YVR,2025-07-13T14:45:00,2025-07-13T21:00:00,B737,On Time,A14,2025-07-13
SK5501,SK,SJD,BJR,2025-07-13T06:30:00,2025-07-13T08:45:00,B777,Scheduled,B34,2025-07-13
WF1265,WF,PEK,BRU,2025-07-13T18:15:00,2025-07-13T23:00:00,A320,Scheduled,D21,2025-07-13
D82399,D8,IBA,LST,2025-07-13T18:45:00,2025-07-14T00:00:00,B787,On Time,B38,2025-07-13
LO9725,LO,GDL,KIM,2025-07-13T10:15:00,2025-07-13T17:00:00,B787,On Time,A22,2025-07-13
AI9185,AI,BEV,ELG,2025-07-13T16:45:00,2025-07-13T21:45:00,A350,Cancelled,C33,2025-07-13
AC7665,AC,PYO,CJC,2025-07-13T18:15:00,2025-07-13T20:00:00,B787,Scheduled,B6,2025-07-13
LP3461,LP,OUD,TZX,2025-07-13T08:00:00,2025-07-13T11:45:00,B777,Cancelled,B21,2025-07-13
SK5226,SK,EUN,EJA,2025-07-13T17:30:00,2025-07-13T21:00:00,A320,Scheduled,C7,2025-07-13
RJ7610,RJ,GRU,VDA,2025-07-13T07:15:00,2025-07-13T09:00:00,B787,On Time,A21,2025-07-13
SV6220,SV,HUN,CYI,2025-07-13T09:45:00,2025-07-13T16:15:00,B777,Scheduled,B11,2025-07-13
CM5063,CM,ADL,DMM,2025-07-13T11:00:00,2025-07-13T16:15:00,A320,Cancelled,D2,2025-07-13
KE1198,KE,VIE,VDA,2025-07-13T13:45:00,2025-07-13T16:15:00,B737,On Time,C42,2025-07-13
BL9132,BL,YWG,SZX,2025-07-13T09:30:00,2025-07-13T15:00:00,B777,On Time,A45,2025-07-13
G37740,G3,BNE,AYP,2025-07-13T09:30:00,2025-07-13T15:15:00,B737,Scheduled,C25,2025-07-13
LO7414,LO,CPH,TZX,2025-07-13T22:45:00,2025-07-14T04:00:00,B787,Scheduled,C2,2025-07-13
OK1713,OK,COR,NKG,2025-07-13T22:00:00,2025-07-13T23:30:00,A350,Delayed,A50,2025-07-13
AS2141,AS,SHC,SIN,2025-07-13T07:30:00,2025-07-13T10:45:00,B787,Cancelled,D29,2025-07-13
KQ1127,KQ,EUN,AUH,2025-07-13T16:45:00,2025-07-13T19:00:00,B737,Cancelled,A50,2025-07-13
TD6279,TD,WJU,MFM,2025-07-13T15:45:00,2025-07-13T18:45:00,B777,On Time,D50,2025-07-13
TT3089,TT,LST,TCP,2025-07-13T15:30:00,2025-07-13T17:30:00,B787,Scheduled,A15,2025-07-13
KQ9052,KQ,OTP,TAB,2025-07-13T11:15:00,2025-07-13T18:00:00,B777,On Time,C19,2025-07-13
DL7420,DL,UFA,KMI,2025-07-13T23:15:00,2025-07-14T04:30:00,A320,On Time,B37,2025-07-13
WS6351,WS,ILO,FOR,2025-07-13T18:15:00,2025-07-13T21:15:00,B777,Delayed,B46,2025-07-13
LO9017,LO,MUH,AKR,2025-07-13T13:45:00,2025-07-13T20:30:00,B777,Delayed,D3,2025-07-13
OS6254,OS,TZX,REC,2025-07-13T15:15:00,2025-07-13T17:15:00,B777,Delayed,C39,2025-07-13
IC1079,IC,ICN,PUS,2025-07-13T06:00:00,2025-07-13T10:45:00,A320,Delayed,C8,2025-07-13
AZ5459,AZ,PPS,ADB,2025-07-13T14:30:00,2025-07-13T18:30:00,B787,Cancelled,C46,2025-07-13
TD2577,TD,AHB,BSB,2025-07-14T00:30:00,2025-07-14T02:15:00,A350,Scheduled,A43,2025-07-13
IR1676,IR,BSR,YOW,2025-07-14T00:00:00,2025-07-14T06:15:00,A320,Delayed,D27,2025-07-13
HC2405,HC,EWR,WJU,2025-07-13T21:45:00,2025-07-14T04:00:00,B737,On Time,D31,2025-07-13
FJ8071,FJ,CEB,CUE,2025-07-14T00:15:00,2025-07-14T07:00:00,A350,On Time,D6,2025-07-13
TT262,TT,DRW,IQT,2025-07-13T14:15:00,2025-07-13T18:30:00,A350,On Time,B25,2025-07-13
KQ4436,KQ,ZUR,DFW,2025-07-13T07:15:00,2025-07-13T14:00:00,B777,Delayed,D46,2025-07-13
WF2452,WF,BCD,CUN,2025-07-13T23:00:00,2025-07-14T03:15:00,A320,Cancelled,A33,2025-07-13
DT8762,DT,XMN,TUU,2025-07-13T22:15:00,2025-07-14T03:00:00,B737,Cancelled,A43,2025-07-13
KL2324,KL,JIJ,SSA,2025-07-13T16:00:00,2025-07-13T21:00:00,B737,On Time,D37,2025-07-13
BL2586,BL,CEB,HIJ,2025-07-13T23:15:00,2025-07-14T05:30:00,B787,On Time,A37,2025-07-13
UU3518,UU,TTU,CYI,2025-07-13T18:45:00,2025-07-14T00:30:00,A350,On Time,D32,2025-07-13
BA6024,BA,AWA,HRG,2025-07-13T11:45:00,2025-07-13T13:30:00,A350,On Time,C20,2025-07-13
LP661,LP,HIJ,HTY,2025-07-13T23:30:00,2025-07-14T05:00:00,B787,Cancelled,A43,2025-07-13
DT4043,DT,EMY,SHC,2025-07-13T20:45:00,2025-07-14T00:00:00,B737,On Time,C2,2025-07-13
PC1311,PC,AGA,COR,2025-07-13T14:00:00,2025-07-13T15:45:00,B737,On Time,C35,2025-07-13
SK5565,SK,SZX,NPL,2025-07-13T22:00:00,2025-07-13T23:30:00,B777,On Time,B8,2025-07-13
IB7401,IB,BOS,HBA,2025-07-13T11:00:00,2025-07-13T15:30:00,B787,Cancelled,B41,2025-07-13
UK697,UK,AHB,AKR,2025-07-13T15:30:00,2025-07-13T17:30:00,B777,Scheduled,B46,2025-07-13
HV2522,HV,AYP,AUH,2025-07-14T00:45:00,2025-07-14T03:30:00,B737,Cancelled,D49,2025-07-13
WN1428,WN,DUR,FUK,2025-07-13T16:45:00,2025-07-13T18:45:00,A350,Cancelled,B44,2025-07-13
UU1288,UU,LAX,OCC,2025-07-13T13:45:00,2025-07-13T16:00:00,B737,On Time,B28,2025-07-13
HV9738,HV,HKG,IQT,2025-07-13T21:15:00,2025-07-13T23:00:00,B737,Cancelled,D32,2025-07-13
WS2959,WS,ROT,PMC,2025-07-13T15:45:00,2025-07-13T17:45:00,B787,Delayed,C37,2025-07-13
SW7927,SW,TUN,JOS,2025-07-13T22:00:00,2025-07-13T23:00:00,B787,On Time,A36,2025-07-13
SN3681,SN,ILO,SSH,2025-07-13T20:00:00,2025-07-13T21:15:00,A350,Scheduled,A45,2025-07-13
AI1468,AI,CAN,SIN,2025-07-13T19:30:00,2025-07-14T02:00:00,B787,On Time,D27,2025-07-13
BL7214,BL,FTE,EJA,2025-07-13T20:45:00,2025-07-14T03:30:00,B777,Cancelled,B50,2025-07-13
D8164,D8,YNY,BUD,2025-07-13T22:45:00,2025-07-14T03:30:00,B787,Cancelled,B48,2025-07-13
AY2228,AY,KSW,LIM,2025-07-13T07:30:00,2025-07-13T11:15:00,B777,Scheduled,A26,2025-07-13
FZ2307,FZ,CEB,TPE,2025-07-13T10:00:00,2025-07-13T11:15:00,B787,Cancelled,C2,2025-07-13
B6796,B6,MZG,MAD,2025-07-13T11:00:00,2025-07-13T16:00:00,A350,On Time,A4,2025-07-13
UA4395,UA,IST,DJE,2025-07-13T08:15:00,2025-07-13T12:00:00,A350,On Time,A3,2025-07-13
LO8508,LO,CYI,ARN,2025-07-13T15:45:00,2025-07-13T22:00:00,A350,Delayed,C16,2025-07-13
SY9489,SY,IAD,TZX,2025-07-13T11:00:00,2025-07-13T17:30:00,A350,Scheduled,C39,2025-07-13
P51977,P5,IAD,GMP,2025-07-13T16:30:00,2025-07-13T18:15:00,A350,Delayed,C7,2025-07-13
HC3039,HC,ARN,XMS,2025-07-13T08:00:00,2025-07-13T13:15:00,B737,Scheduled,D5,2025-07-13
CM2118,CM,ZCO,HIJ,2025-07-13T11:15:00,2025-07-13T12:45:00,B787,On Time,C47,2025-07-13
SA4789,SA,TZX,MED,2025-07-13T13:00:00,2025-07-13T14:30:00,B737,Delayed,D25,2025-07-13
VJ1879,VJ,HTY,CUN,2025-07-13T17:00:00,2025-07-13T20:30:00,B737,Scheduled,D47,2025-07-13
G43857,G4,ZCO,COR,2025-07-13T23:00:00,2025-07-14T00:00:00,B777,Scheduled,C40,2025-07-13
RO766,RO,PUQ,HIJ,2025-07-13T14:30:00,2025-07-13T17:00:00,A350,Cancelled,C15,2025-07-13
XG7382,XG,TUU,GRJ,2025-07-14T00:00:00,2025-07-14T04:00:00,B737,Scheduled,B48,2025-07-13
IX6554,IX,SLA,BUD,2025-07-13T18:30:00,2025-07-13T19:45:00,A350,Scheduled,B18,2025-07-13
WG5898,WG,DUR,OTP,2025-07-13T14:00:00,2025-07-13T16:45:00,A350,Cancelled,B4,2025-07-13
CI3293,CI,HIJ,GDQ,2025-07-13T09:30:00,2025-07-13T13:45:00,A320,Scheduled,A22,2025-07-13
LP3300,LP,EZE,YWG,2025-07-13T13:00:00,2025-07-13T16:15:00,B787,Delayed,D25,2025-07-13
MS8114,MS,LOS,GMP,2025-07-13T19:15:00,2025-07-14T01:15:00,B787,Delayed,A39,2025-07-13
BT742,BT,IQT,WLG,2025-07-13T17:00:00,2025-07-13T19:00:00,B737,Cancelled,B41,2025-07-13
OS772,OS,MDE,DEN,2025-07-13T10:30:00,2025-07-13T13:45:00,B737,On Time,C24,2025-07-13
MP1373,MP,AQP,HMO,2025-07-13T08:45:00,2025-07-13T12:30:00,B777,On Time,A1,2025-07-13
W54086,W5,SIN,RMQ,2025-07-13T18:45:00,2025-07-13T21:30:00,A350,Cancelled,B13,2025-07-13
MP5073,MP,DTW,OOL,2025-07-13T10:45:00,2025-07-13T12:30:00,A320,Delayed,D26,2025-07-13
TG3639,TG,SFO,GNI,2025-07-13T20:00:00,2025-07-14T00:30:00,B787,Delayed,A30,2025-07-13
MS1565,MS,LST,DEL,2025-07-13T17:30:00,2025-07-13T19:30:00,A350,Scheduled,B21,2025-07-13
SV8801,SV,GRU,YWG,2025-07-13T15:00:00,2025-07-13T21:45:00,B787,Scheduled,D19,2025-07-13
FJ6390,FJ,BGA,JUJ,2025-07-13T12:45:00,2025-07-13T18:15:00,B787,Cancelled,C13,2025-07-13
OK8190,OK,ELG,LHR,2025-07-13T10:30:00,2025-07-13T12:30:00,B787,Cancelled,B47,2025-07-13
NK1714,NK,TTU,CAN,2025-07-13T09:30:00,2025-07-13T14:30:00,A350,Cancelled,B4,2025-07-13
LH2254,LH,NJF,VOG,2025-07-13T12:45:00,2025-07-13T16:45:00,A320,Cancelled,A12,2025-07-13
WF2596,WF,DJE,MEX,2025-07-13T13:00:00,2025-07-13T19:45:00,A350,Delayed,B8,2025-07-13
MP2172,MP,TCP,USN,2025-07-13T23:45:00,2025-07-14T04:00:00,A350,Cancelled,D11,2025-07-13
CM7193,CM,TZX,CZM,2025-07-13T11:45:00,2025-07-13T12:45:00,A350,On Time,B26,2025-07-13
AR669,AR,DJE,MTZ,2025-07-13T15:00:00,2025-07-13T21:45:00,B737,Scheduled,D38,2025-07-13
AS1804,AS,NBE,AYP,2025-07-13T14:30:00,2025-07-13T17:15:00,A320,Scheduled,A5,2025-07-13
DL6439,DL,PUS,ZCO,2025-07-13T13:00:00,2025-07-13T18:15:00,B777,Delayed,D17,2025-07-13
OS6528,OS,TCQ,ZAL,2025-07-13T14:15:00,2025-07-13T17:00:00,B787,Scheduled,D17,2025-07-13
OS6204,OS,CTS,CUN,2025-07-13T07:00:00,2025-07-13T08:15:00,B787,On Time,B44,2025-07-13
JU7206,JU,JNB,PEK,2025-07-13T18:30:00,2025-07-13T23:30:00,A350,Scheduled,B23,2025-07-13
MS5094,MS,IST,OTP,2025-07-13T06:15:00,2025-07-13T10:45:00,B737,Delayed,D49,2025-07-13
UA7144,UA,LLI,ASW,2025-07-13T22:45:00,2025-07-14T02:45:00,B737,Scheduled,A36,2025-07-13
XG5668,XG,YVR,JOS,2025-07-13T18:00:00,2025-07-13T19:45:00,B787,Scheduled,B26,2025-07-13
KL5472,KL,CAI,ILR,2025-07-13T07:00:00,2025-07-13T10:00:00,A350,Scheduled,B32,2025-07-13
AD1995,AD,GPS,CBQ,2025-07-13T13:45:00,2025-07-13T17:00:00,A320,Scheduled,D49,2025-07-13
RO7184,RO,ASW,COR,2025-07-13T23:00:00,2025-07-14T01:45:00,B787,On Time,A39,2025-07-13
TS3487,TS,PER,BEV,2025-07-13T18:45:00,2025-07-13T20:00:00,B737,On Time,A26,2025-07-13
FR2957,FR,DFW,ASW,2025-07-13T13:30:00,2025-07-13T15:00:00,A320,Scheduled,B22,2025-07-13
NK3835,NK,REC,BSR,2025-07-13T08:45:00,2025-07-13T12:00:00,B737,Delayed,C2,2025-07-13
RJ6446,RJ,ASW,SFA,2025-07-13T17:15:00,2025-07-13T19:15:00,B737,Cancelled,D30,2025-07-13
AV2757,AV,LAS,CPT,2025-07-13T08:00:00,2025-07-13T13:00:00,B787,Cancelled,B38,2025-07-13
WJ8352,WJ,TAG,EMY,2025-07-14T00:00:00,2025-07-14T04:45:00,A320,Scheduled,A47,2025-07-13
DJ2954,DJ,MNL,TZX,2025-07-13T14:45:00,2025-07-13T18:15:00,B787,On Time,D19,2025-07-13
EK4528,EK,RMQ,ORD,2025-07-13T11:45:00,2025-07-13T17:00:00,B787,Delayed,D48,2025-07-13
AT6958,AT,IKT,MTZ,2025-07-13T14:45:00,2025-07-13T18:15:00,A350,Delayed,B23,2025-07-13
LX4654,LX,CUE,NQN,2025-07-13T16:45:00,2025-07-13T18:00:00,B787,On Time,D9,2025-07-13
SQ2819,SQ,CEB,HGH,2025-07-13T18:15:00,2025-07-13T22:00:00,B737,Cancelled,A8,2025-07-13
JQ5532,JQ,FTE,DMK,2025-07-13T13:45:00,2025-07-13T19:00:00,B777,Cancelled,D11,2025-07-13
B6308,B6,LLI,TUN,2025-07-13T09:45:00,2025-07-13T13:30:00,B787,Scheduled,D33,2025-07-13
TG6791,TG,FEZ,TUN,2025-07-13T18:45:00,2025-07-14T00:15:00,B777,Delayed,D47,2025-07-13
BA5141,BA,ATL,RAK,2025-07-13T08:15:00,2025-07-13T14:30:00,B787,Delayed,A22,2025-07-13
G3740,G3,CLO,IFN,2025-07-13T11:00:00,2025-07-13T16:30:00,B787,On Time,A45,2025-07-13
W69553,W6,GMB,FEZ,2025-07-13T16:00:00,2025-07-13T17:15:00,A350,Cancelled,A10,2025-07-13
RJ7797,RJ,HYD,MEX,2025-07-13T19:30:00,2025-07-14T00:00:00,B737,Scheduled,A48,2025-07-13
UK3609,UK,SFA,NJF,2025-07-13T15:15:00,2025-07-13T22:00:00,B777,Delayed,A2,2025-07-13
U27591,U2,CUE,KIX,2025-07-13T19:15:00,2025-07-13T23:15:00,B787,Delayed,D43,2025-07-13
GF8109,GF,MSP,CCU,2025-07-13T19:00:00,2025-07-13T23:00:00,B737,Delayed,C43,2025-07-13
F95820,F9,BFN,ICN,2025-07-13T10:15:00,2025-07-13T13:45:00,B737,Delayed,A15,2025-07-13
LH4141,LH,IBA,EBM,2025-07-13T14:45:00,2025-07-13T16:15:00,B737,Delayed,D13,2025-07-13
RO2167,RO,BOS,OVB,2025-07-13T21:00:00,2025-07-13T22:00:00,A320,Scheduled,D45,2025-07-13
VY5071,VY,ADZ,ATH,2025-07-14T00:15:00,2025-07-14T04:15:00,A350,Cancelled,A25,2025-07-13
AD5506,AD,IGR,SAW,2025-07-13T07:45:00,2025-07-13T13:15:00,A350,Delayed,D23,2025-07-13
TD193,TD,RUH,MEX,2025-07-13T07:45:00,2025-07-13T13:00:00,A350,Scheduled,D18,2025-07-13
AC3865,AC,TAG,TIJ,2025-07-13T20:00:00,2025-07-13T22:15:00,B777,Scheduled,B42,2025-07-13
FD4446,FD,PMC,TNG,2025-07-13T12:00:00,2025-07-13T16:30:00,A320,Delayed,C1,2025-07-13
TT5481,TT,KUL,ZCO,2025-07-13T06:45:00,2025-07-13T07:45:00,A320,Scheduled,C32,2025-07-13
DJ4903,DJ,LED,ASW,2025-07-13T17:15:00,2025-07-13T20:00:00,B787,Delayed,C20,2025-07-13
BA8515,BA,WAW,BGW,2025-07-13T20:30:00,2025-07-14T02:15:00,A350,Delayed,B44,2025-07-13
LH3850,LH,BLR,CUN,2025-07-13T12:15:00,2025-07-13T18:15:00,B777,Delayed,B12,2025-07-13
PD3760,PD,BJV,CWB,2025-07-13T21:45:00,2025-07-14T00:15:00,A350,Delayed,B50,2025-07-13
QF9379,QF,IFN,JUL,2025-07-14T00:45:00,2025-07-14T05:15:00,B737,Delayed,B40,2025-07-13
AZ7623,AZ,SJD,LIS,2025-07-13T10:45:00,2025-07-13T13:00:00,A320,Delayed,C21,2025-07-13
QR2177,QR,CGK,YVR,2025-07-13T16:15:00,2025-07-13T18:00:00,B737,Scheduled,C49,2025-07-13
BT9636,BT,GAE,CAI,2025-07-13T16:00:00,2025-07-13T21:45:00,A320,Delayed,D44,2025-07-13
SB8468,SB,CJU,NGO,2025-07-13T15:45:00,2025-07-13T17:00:00,A320,On Time,A13,2025-07-13
BT8816,BT,MDE,CEB,2025-07-13T09:45:00,2025-07-13T14:30:00,A320,Scheduled,B34,2025-07-13
ZX9157,ZX,PYO,LXR,2025-07-13T14:15:00,2025-07-13T17:30:00,B787,Cancelled,D2,2025-07-13
RO8462,RO,HBA,SSH,2025-07-13T22:00:00,2025-07-14T03:30:00,A320,Delayed,C17,2025-07-13
DL3867,DL,CNX,CCU,2025-07-13T13:00:00,2025-07-13T16:30:00,B737,Delayed,C37,2025-07-13
RO676,RO,IST,AMD,2025-07-13T11:15:00,2025-07-13T15:45:00,B777,Delayed,A28,2025-07-13
PD602,PD,CGH,HBA,2025-07-13T14:00:00,2025-07-13T15:00:00,A320,Scheduled,B15,2025-07-13
IB5923,IB,MQX,LGA,2025-07-13T10:15:00,2025-07-13T16:30:00,B777,Cancelled,B2,2025-07-13
SK1554,SK,FTE,JNB,2025-07-13T14:00:00,2025-07-13T19:45:00,B787,Cancelled,D32,2025-07-13
VY6873,VY,PMR,SLA,2025-07-13T11:45:00,2025-07-13T17:15:00,B787,Delayed,D45,2025-07-13
WF3030,WF,BOM,ELS,2025-07-13T21:00:00,2025-07-14T01:00:00,A320,Scheduled,D35,2025-07-13
HV913,HV,PHL,MIA,2025-07-13T12:45:00,2025-07-13T16:30:00,A320,Delayed,A28,2025-07-13
UK6210,UK,JUJ,HKG,2025-07-14T00:45:00,2025-07-14T05:45:00,B777,Delayed,C15,2025-07-13
AC7120,AC,BUD,REC,2025-07-13T20:15:00,2025-07-13T23:45:00,B787,Delayed,B43,2025-07-13
OK3245,OK,ETM,CLT,2025-07-14T00:00:00,2025-07-14T06:15:00,A320,Scheduled,A8,2025-07-13
IC892,IC,DEL,CUE,2025-07-13T17:45:00,2025-07-13T21:45:00,B737,Cancelled,B48,2025-07-13
JQ7357,JQ,IST,PUQ,2025-07-13T10:15:00,2025-07-13T11:45:00,A350,Scheduled,C29,2025-07-13
KL4892,KL,CCU,CEB,2025-07-13T12:15:00,2025-07-13T16:30:00,B787,Scheduled,A19,2025-07-13
KL7894,KL,MLX,KUL,2025-07-13T08:00:00,2025-07-13T12:00:00,A350,Cancelled,D34,2025-07-13
BL8801,BL,OSL,FCO,2025-07-13T23:45:00,2025-07-14T05:15:00,B787,On Time,D30,2025-07-13
LH670,LH,WLG,REC,2025-07-13T11:45:00,2025-07-13T17:45:00,B777,Cancelled,C49,2025-07-13
AS1253,AS,OVB,GOI,2025-07-13T12:30:00,2025-07-13T17:30:00,B737,On Time,B9,2025-07-13
BA5929,BA,HMO,XNH,2025-07-13T18:15:00,2025-07-13T20:15:00,A350,Cancelled,A36,2025-07-13
VA951,VA,MZG,LED,2025-07-13T10:45:00,2025-07-13T17:00:00,A350,Cancelled,D39,2025-07-13
AR709,AR,HRG,MDE,2025-07-13T23:15:00,2025-07-14T05:30:00,B737,Scheduled,B15,2025-07-13
LP8901,LP,LXR,ADL,2025-07-13T17:00:00,2025-07-13T19:15:00,A320,On Time,C18,2025-07-13
EK8425,EK,TCP,PHC,2025-07-13T19:00:00,2025-07-14T00:45:00,A350,Delayed,B24,2025-07-13
EY7232,EY,TTU,LIM,2025-07-13T19:45:00,2025-07-14T01:15:00,B777,Scheduled,C27,2025-07-13
JQ7216,JQ,RAK,DIR,2025-07-13T08:15:00,2025-07-13T09:45:00,B737,On Time,B11,2025-07-13
AV9359,AV,RSU,AMD,2025-07-13T07:30:00,2025-07-13T09:45:00,A350,Delayed,A13,2025-07-13
MS1899,MS,CUC,IQT,2025-07-13T17:30:00,2025-07-13T23:00:00,B737,Cancelled,D49,2025-07-13
SJ6009,SJ,AXM,SIN,2025-07-13T20:30:00,2025-07-14T00:45:00,B787,Cancelled,A2,2025-07-13
P54646,P5,COK,AUH,2025-07-13T09:30:00,2025-07-13T12:00:00,A350,On Time,D36,2025-07-13
FZ4029,FZ,DMK,CMN,2025-07-13T11:45:00,2025-07-13T13:15:00,A350,On Time,D13,2025-07-13
BR2618,BR,MQX,BOM,2025-07-13T10:00:00,2025-07-13T12:30:00,B787,Cancelled,C12,2025-07-13
AV9247,AV,BRU,PUS,2025-07-13T13:00:00,2025-07-13T16:00:00,A350,Scheduled,D40,2025-07-13
BL4569,BL,SAW,DUR,2025-07-13T14:45:00,2025-07-13T19:15:00,B777,Cancelled,D45,2025-07-13
IB825,IB,IQT,PHL,2025-07-13T09:45:00,2025-07-13T11:00:00,B787,Delayed,A6,2025-07-13
OS1262,OS,TUN,MTZ,2025-07-13T14:15:00,2025-07-13T20:15:00,B737,On Time,D34,2025-07-13
UU1428,UU,GRU,TZX,2025-07-13T13:45:00,2025-07-13T18:45:00,A350,Cancelled,C28,2025-07-13
NH3227,NH,KMI,YQB,2025-07-14T00:45:00,2025-07-14T02:45:00,A350,Cancelled,D13,2025-07-13
W64403,W6,UFA,CUC,2025-07-13T13:00:00,2025-07-13T18:00:00,B777,Delayed,C30,2025-07-13
LP8540,LP,CMN,SYD,2025-07-13T14:45:00,2025-07-13T19:30:00,B737,Delayed,A33,2025-07-13
TS1352,TS,BCD,DTW,2025-07-13T23:30:00,2025-07-14T03:30:00,B737,Cancelled,A27,2025-07-13
IB5323,IB,SFA,OOL,2025-07-13T22:30:00,2025-07-14T05:00:00,B737,On Time,C4,2025-07-13
GA8519,GA,CPH,DTW,2025-07-13T15:30:00,2025-07-13T18:30:00,B777,Delayed,D23,2025-07-13
U25391,U2,HIJ,CZM,2025-07-13T23:30:00,2025-07-14T05:00:00,A320,Cancelled,D21,2025-07-13
F99836,F9,CTU,DUR,2025-07-13T11:45:00,2025-07-13T13:15:00,A350,Scheduled,C44,2025-07-13
WG892,WG,DRW,JOS,2025-07-13T23:15:00,2025-07-14T01:00:00,B777,On Time,D11,2025-07-13
PC3138,PC,AKL,ZUR,2025-07-13T07:45:00,2025-07-13T10:45:00,B737,On Time,A23,2025-07-13
F95146,F9,MIR,MAA,2025-07-13T07:45:00,2025-07-13T11:45:00,B777,On Time,A49,2025-07-13
HC4282,HC,AKL,VDA,2025-07-13T08:00:00,2025-07-13T14:45:00,B787,On Time,D2,2025-07-13
BR8158,BR,PEK,CGK,2025-07-13T09:15:00,2025-07-13T10:30:00,B777,On Time,B15,2025-07-13
SW8970,SW,NPE,TAG,2025-07-13T18:45:00,2025-07-13T21:30:00,A320,Scheduled,A3,2025-07-13
FR6975,FR,HMO,HBA,2025-07-13T14:45:00,2025-07-13T15:45:00,A320,Cancelled,B20,2025-07-13
W63024,W6,VIE,YHZ,2025-07-13T11:30:00,2025-07-13T16:30:00,B787,On Time,D21,2025-07-13
W5438,W5,HRG,RSU,2025-07-13T20:45:00,2025-07-14T02:45:00,A320,Delayed,B47,2025-07-13
RJ3003,RJ,GZT,MIA,2025-07-13T22:45:00,2025-07-14T00:30:00,B787,Scheduled,D36,2025-07-13
WN337,WN,MEL,EBM,2025-07-13T14:45:00,2025-07-13T15:45:00,B777,Cancelled,A30,2025-07-13
AI9102,AI,KRR,OVB,2025-07-13T09:30:00,2025-07-13T14:45:00,A320,Cancelled,C15,2025-07-13
TD1858,TD,RMF,BOM,2025-07-13T22:30:00,2025-07-14T01:00:00,B737,Cancelled,C27,2025-07-13
SW5429,SW,CUZ,DJE,2025-07-13T06:45:00,2025-07-13T09:45:00,B777,Scheduled,C5,2025-07-13
LH7168,LH,EUN,MNL,2025-07-13T08:15:00,2025-07-13T15:00:00,B777,Cancelled,C45,2025-07-13
UK3150,UK,LED,YHZ,2025-07-13T10:30:00,2025-07-13T14:45:00,A350,Scheduled,B16,2025-07-13
QZ7493,QZ,CZM,PLZ,2025-07-13T17:45:00,2025-07-13T18:45:00,B777,On Time,C31,2025-07-13
TS799,TS,AYT,CBQ,2025-07-13T17:45:00,2025-07-14T00:00:00,B737,Delayed,A19,2025-07-13
UK2423,UK,MUH,BOS,2025-07-13T12:15:00,2025-07-13T18:30:00,A350,Cancelled,D3,2025-07-13
OZ123,OZ,GDQ,SHC,2025-07-13T08:45:00,2025-07-13T12:30:00,B787,Cancelled,B50,2025-07-13
PD591,PD,LIS,SZX,2025-07-13T15:45:00,2025-07-13T22:00:00,B777,On Time,B23,2025-07-13
TT3783,TT,MEL,ERH,2025-07-13T12:30:00,2025-07-13T18:00:00,B787,Delayed,B39,2025-07-13
6E5197,6E,DWC,DLM,2025-07-13T08:30:00,2025-07-13T10:45:00,B777,Scheduled,D33,2025-07-13
